SKU,CustomsDescription,CustomsTariffNo,CustomsCountry
2025Q4-DAI-AUT,Planner agenda (bound diary),4820102010,CA
25-DLP-AUT-IM,Planner agenda (bound diary),4820102010,CA
2025Q4-DAI-CHA,Planner agenda (bound diary),4820102010,CA
25-DLP-ELD-IM-AA,Planner agenda (bound diary),4820102010,CA
25-DLP-ELD-IM-AB,Planner agenda (bound diary),4820102010,CA
2025Q4-DAI-ELD,Planner agenda (bound diary),4820102010,CA
25-DLP-ELD-IM,Planner agenda (bound diary),4820102010,CA
25-DLP-ENC-IM,Planner agenda (bound diary),4820102010,CA
25-DLP-LIL-IM,Planner agenda (bound diary),4820102010,CA
2025Q4-DAI-LIL,Planner agenda (bound diary),4820102010,CA
2025Q4-DAI-MID,Planner agenda (bound diary),4820102010,CA
25-DLP-MO-IM,Planner agenda (bound diary),4820102010,CA
25-DLP-NIM-IMP,Planner agenda (bound diary),4820102010,CA
25-DLP-NIM-IM,Planner agenda (bound diary),4820102010,CA
25-DLP-RIV-IM,Planner agenda (bound diary),4820102010,CA
2025Q4-DAI-RIV,Planner agenda (bound diary),4820102010,CA
25-DLP-TDL-IM,Planner agenda (bound diary),4820102010,CA
2025Q4-DAI-TOI,Planner agenda (bound diary),4820102010,CA
25-DLP-WO-IM,Planner agenda (bound diary),4820102010,CA
2025Q4-DAI-WIL,Planner agenda (bound diary),4820102010,CA
INSHR-A5DISC-25W-MS,Planner inserts (loose refills),4820900000,CA
INSHR-CLHP-25W-MS,Planner inserts (loose refills),4820900000,CA
INSHR-HL-25W-MS,Planner inserts (loose refills),4820900000,CA
INSHR-A5-25W-MS,Planner inserts (loose refills),4820900000,CA
INSHR-CLHP-25W-SS,Planner inserts (loose refills),4820900000,CA
INSHR-HL-25W-SS,Planner inserts (loose refills),4820900000,CA
INSHR-A5-25W-SS,Planner inserts (loose refills),4820900000,CA
25-MIN-A5-AUT-IM,Planner agenda (bound diary),4820102010,CA
25-MIN-A5-AUT-IM-AA,Planner agenda (bound diary),4820102010,CA
25-MIN-A5-CHB-IM,Planner agenda (bound diary),4820102010,CA
25-MIN-A5-ELD-IM,Planner agenda (bound diary),4820102010,CA
25-MIN-A5-ECF-IM,Planner agenda (bound diary),4820102010,CA
25-MIN-A5-LIL-IM-AA,Planner agenda (bound diary),4820102010,CA
25-MIN-A5-LIL-IM,Planner agenda (bound diary),4820102010,CA
25-MIN-A5-IM,Planner agenda (bound diary),4820102010,CA
25-MIN-A5-MO-AA,Planner agenda (bound diary),4820102010,CA
25-MIN-A5-MOS-IM,Planner agenda (bound diary),4820102010,CA
25-MIN-A5-NIM-IM,Planner agenda (bound diary),4820102010,CA
25-MIN-A5-RIV-IM,Planner agenda (bound diary),4820102010,CA
25-MIN-A5-RWO-IM,Planner agenda (bound diary),4820102010,CA
25-MIN-A5-RWO-IM-AA,Planner agenda (bound diary),4820102010,CA
2025Q4-MIN-A5-TOI,Planner agenda (bound diary),4820102010,CA
25-MIN-A5-WOR-IM,Planner agenda (bound diary),4820102010,CA
25-MIN-A5-WOR-IM-AB,Planner agenda (bound diary),4820102010,CA
25-MIN-A5-WOR-IM-AA,Planner agenda (bound diary),4820102010,CA
25-MIN-A5-WIS-IM,Planner agenda (bound diary),4820102010,CA
25-MIN-B5-AUT-IM,Planner agenda (bound diary),4820102010,CA
25-MIN-B5-CHB-IM,Planner agenda (bound diary),4820102010,CA
25-MIN-B5-CHB-IM-AA,Planner agenda (bound diary),4820102010,CA
25-MIN-B5-CHB-IM-AB,Planner agenda (bound diary),4820102010,CA
25-MIN-B5-ELD-IM-AB,Planner agenda (bound diary),4820102010,CA
25-MIN-B5-ELD-IM-AC,Planner agenda (bound diary),4820102010,CA
25-MIN-B5-ELD-IM,Planner agenda (bound diary),4820102010,CA
25-MIN-B5-ELD-IM-AA,Planner agenda (bound diary),4820102010,CA
25-MIN-B5-ECF-IM,Planner agenda (bound diary),4820102010,CA
25-MIN-B5-ECF-IM-AA,Planner agenda (bound diary),4820102010,CA
25-MIN-B5-LIL-IM,Planner agenda (bound diary),4820102010,CA
25-MIN-B5-IM,Planner agenda (bound diary),4820102010,CA
25-MIN-B5-MOS-IM,Planner agenda (bound diary),4820102010,CA
25-MIN-B5-NIM-IM,Planner agenda (bound diary),4820102010,CA
25-MIN-B5-NIM-IM-AA,Planner agenda (bound diary),4820102010,CA
25-MIN-B5-RIV-IM,Planner agenda (bound diary),4820102010,CA
25-MIN-B5-TDL-IM,Planner agenda (bound diary),4820102010,CA
25-MIN-B5-WOR-IM,Planner agenda (bound diary),4820102010,CA
25-MIN-B5-WOR-IM-AA,Planner agenda (bound diary),4820102010,CA
25-MIN-A5-AUT,Planner agenda (bound diary),4820102010,CA
2025Q4-MIN-CHA,Planner agenda (bound diary),4820102010,CA
25-MIN-A5-ELD,Planner agenda (bound diary),4820102010,CA
25-MIN-A5-ENF,Planner agenda (bound diary),4820102010,CA
2025Q4-MIN-LIL,Planner agenda (bound diary),4820102010,CA
2025Q4-MIN-MID,Planner agenda (bound diary),4820102010,CA
2025Q4-MIN-MOS,Planner agenda (bound diary),4820102010,CA
25-MIN-A5-NIM,Planner agenda (bound diary),4820102010,CA
2025Q4-MIN-RIV,Planner agenda (bound diary),4820102010,CA
25-WKP-MIN-RWO,Planner agenda (bound diary),4820102010,CA
25-MIN-A5-TDL,Planner agenda (bound diary),4820102010,CA
2025Q4-MIN-WIL,Planner agenda (bound diary),4820102010,CA
25-WKP-MIN-WIS,Planner agenda (bound diary),4820102010,CA
2025Q4-MIN-AUT,Planner agenda (bound diary),4820102010,CA
25-WKP-MIN-CHB,Planner agenda (bound diary),4820102010,CA
25-WKP-MIN-CHB-AA,Planner agenda (bound diary),4820102010,CA
2025Q4-MIN-ELD,Planner agenda (bound diary),4820102010,CA
2025Q4-MIN-ENC,Planner agenda (bound diary),4820102010,CA
25-WKP-MIN-LIL,Planner agenda (bound diary),4820102010,CA
25-WKP-MIN,Planner agenda (bound diary),4820102010,CA
25-WKP-MIN-MOS,Planner agenda (bound diary),4820102010,CA
2025Q4-MIN-NIM,Planner agenda (bound diary),4820102010,CA
25-WKP-MIN-RIV,Planner agenda (bound diary),4820102010,CA
2025Q4-MIN-TOI,Planner agenda (bound diary),4820102010,CA
25-WKP-MIN-WOR,Planner agenda (bound diary),4820102010,CA
INS-HPC-25OV,Planner inserts (loose refills),4820900000,CA
INS-HL-25OV,Planner inserts (loose refills),4820900000,CA
INS-A5-25OV,Planner inserts (loose refills),4820900000,CA
INS-HPC-24RV,Planner inserts (loose refills),4820900000,CA
INS-HL-24RV,Planner inserts (loose refills),4820900000,CA
INS-A5-24RV,Planner inserts (loose refills),4820900000,CA
25-INS-A5,Planner inserts (loose refills),4820900000,CA
INSWKS-CLHP-25-MS,Planner inserts (loose refills),4820900000,CA
INSWKS-DISCA5-25-MS,Planner inserts (loose refills),4820900000,CA
INSWKS-A5-25-MS,Planner inserts (loose refills),4820900000,CA
INS-HL-WKL-MON,Planner inserts (loose refills),4820900000,CA
INSCAL-A5DISC-25-MS,Planner inserts (loose refills),4820900000,CA
INSCAL-CLHP-25-MS,Planner inserts (loose refills),4820900000,CA
INSCAL-HL-25-MS,Planner inserts (loose refills),4820900000,CA
INSCAL-A5-25-MS,Planner inserts (loose refills),4820900000,CA
INSCAL-A5-25-SS,Planner inserts (loose refills),4820900000,CA
2026Q4-A5MIN-H-CLOTH-AUT,Planner agenda (bound diary),4820102010,CA
2026Q4-A5MIN-H-CLOTH-CHB,Planner agenda (bound diary),4820102010,CA
2026Q4-A5MIN-H-CLOTH-ENF,Planner agenda (bound diary),4820102010,CA
2026Q4-A5MIN-H-CLOTH-FWN,Planner agenda (bound diary),4820102010,CA
2026Q4-A5MIN-H-CLOTH-MOS,Planner agenda (bound diary),4820102010,CA
2026Q4-A5MIN-H-CLOTH-RIV,Planner agenda (bound diary),4820102010,CA
2026Q4-A5MIN-H-CLOTH-SCA,Planner agenda (bound diary),4820102010,CA
2026Q4-A5MIN-H-HARD-AUT,Planner agenda (bound diary),4820102010,CA
2026Q4-A5MIN-H-HARD-BLF,Planner agenda (bound diary),4820102010,CA
2026Q4-A5MIN-H-HARD-CHB,Planner agenda (bound diary),4820102010,CA
2026Q4-A5MIN-H-HARD-ENF,Planner agenda (bound diary),4820102010,CA
2026Q4-A5MIN-H-HARD-FWN,Planner agenda (bound diary),4820102010,CA
2026Q4-A5MIN-H-HARD-MOS,Planner agenda (bound diary),4820102010,CA
2026Q4-A5MIN-H-HARD-PLG,Planner agenda (bound diary),4820102010,CA
2026Q4-A5MIN-H-HARD -RIV,Planner agenda (bound diary),4820102010,CA
2026Q4-A5MIN-H-HARD-SCA,Planner agenda (bound diary),4820102010,CA
2026Q4-A5MIN-H-HARD-WDI,Planner agenda (bound diary),4820102010,CA
2026Q4-A5MIN-H-HARD-WIT,Planner agenda (bound diary),4820102010,CA
2026Q4-A5MIN-H-HARD-WDL,Planner agenda (bound diary),4820102010,CA
2026Q4-A5MIN-H-PAPER-CHB,Planner agenda (bound diary),4820102010,CA
2026Q4-A5MIN-H-PAPER-MOS,Planner agenda (bound diary),4820102010,CA
2026Q4-A5MIN-H-PAPER-RIV,Planner agenda (bound diary),4820102010,CA
2026Q4-A5MIN-H-PAPER-SCA,Planner agenda (bound diary),4820102010,CA
2026Q4-A5MIN-V-CLOTH-AUT,Planner agenda (bound diary),4820102010,CA
2026Q4-A5MIN-V-CLOTH-CHB,Planner agenda (bound diary),4820102010,CA
2026Q4-A5MIN-V-CLOTH-ENF,Planner agenda (bound diary),4820102010,CA
2026Q4-A5MIN-V-CLOTH-FWN,Planner agenda (bound diary),4820102010,CA
2026Q4-A5MIN-V-CLOTH-MOS,Planner agenda (bound diary),4820102010,CA
2026Q4-A5MIN-V-CLOTH-RIV,Planner agenda (bound diary),4820102010,CA
2026Q4-A5MIN-V-CLOTH-SCA,Planner agenda (bound diary),4820102010,CA
2026Q4-A5MIN-V-HARD-AUT,Planner agenda (bound diary),4820102010,CA
2026Q4-A5MIN-V-HARD-BLF,Planner agenda (bound diary),4820102010,CA
2026Q4-A5MIN-V-HARD-CHB,Planner agenda (bound diary),4820102010,CA
2026Q4-A5MIN-V-HARD-ENF,Planner agenda (bound diary),4820102010,CA
2026Q4-A5MIN-V-HARD-FWN,Planner agenda (bound diary),4820102010,CA
2026Q4-A5MIN-V-HARD-MOS,Planner agenda (bound diary),4820102010,CA
2026Q4-A5MIN-V-HARD-PLG,Planner agenda (bound diary),4820102010,CA
2026Q4-A5MIN-V-HARD-RIV,Planner agenda (bound diary),4820102010,CA
2026Q4-A5MIN-V-HARD-SCA,Planner agenda (bound diary),4820102010,CA
2026Q4-A5MIN-V-HARD-WDI,Planner agenda (bound diary),4820102010,CA
2026Q4-A5MIN-V-HARD-WIT,Planner agenda (bound diary),4820102010,CA
2026Q4-A5MIN-V-HARD-WDL,Planner agenda (bound diary),4820102010,CA
2026Q4-A5MIN-V-PAPER-CHB,Planner agenda (bound diary),4820102010,CA
2026Q4-A5MIN-V-PAPER-MOS,Planner agenda (bound diary),4820102010,CA
2026Q4-A5MIN-V-PAPER-RIV,Planner agenda (bound diary),4820102010,CA
2026Q4-A5MIN-V-PAPER-SCA,Planner agenda (bound diary),4820102010,CA
2026Q4-B5MIN-CLOTH-AUT,Planner agenda (bound diary),4820102010,CA
2026Q4-B5MIN-CLOTH-CHB,Planner agenda (bound diary),4820102010,CA
2026Q4-B5MIN-CLOTH-ENF,Planner agenda (bound diary),4820102010,CA
2026Q4-B5MIN-CLOTH-FWN,Planner agenda (bound diary),4820102010,CA
2026Q4-B5MIN-CLOTH-MOS,Planner agenda (bound diary),4820102010,CA
2026Q4-B5MIN-CLOTH-RIV,Planner agenda (bound diary),4820102010,CA
2026Q4-B5MIN-CLOTH-SCA,Planner agenda (bound diary),4820102010,CA
2026Q4-B5MIN-HARD-AUT,Planner agenda (bound diary),4820102010,CA
2026Q4-COMBO-HARD-BLF-2,Planner agenda (bound diary),4820102010,CA
2026Q4-B5MIN-HARD-CHB,Planner agenda (bound diary),4820102010,CA
2026Q4-B5MIN-HARD-ENF,Planner agenda (bound diary),4820102010,CA
2026Q4-B5MIN-HARD-FWN,Planner agenda (bound diary),4820102010,CA
2026Q4-B5MIN-HARD-MOS,Planner agenda (bound diary),4820102010,CA
2026Q4-B5MIN-HARD-PLG,Planner agenda (bound diary),4820102010,CA
2026Q4-B5MIN-HARD-RIV,Planner agenda (bound diary),4820102010,CA
2026Q4-B5MIN-HARD-SCA,Planner agenda (bound diary),4820102010,CA
2026Q4-B5MIN-HARD-WDI,Planner agenda (bound diary),4820102010,CA
2026Q4-B5MIN-HARD-WIT,Planner agenda (bound diary),4820102010,CA
2026Q4-B5MIN-HARD-WDL,Planner agenda (bound diary),4820102010,CA
2026Q4-B5MIN-PAPER-CHB,Planner agenda (bound diary),4820102010,CA
2026Q4-B5MIN-PAPER-MOS,Planner agenda (bound diary),4820102010,CA
2026Q4-B5MIN-PAPER-RIV,Planner agenda (bound diary),4820102010,CA
2026Q4-B5MIN-PAPER-SCA,Planner agenda (bound diary),4820102010,CA
2026Q4-DUO-CLOTH-AUT,Planner agenda (bound diary),4820102010,CA
2026Q4-DUO-CLOTH-CHB,Planner agenda (bound diary),4820102010,CA
2026Q4-DUO-CLOTH-ENF,Planner agenda (bound diary),4820102010,CA
2026Q4-DUO-CLOTH-FWN,Planner agenda (bound diary),4820102010,CA
2026Q4-DUO-CLOTH-MOS,Planner agenda (bound diary),4820102010,CA
2026Q4-DUO-CLOTH-RIV,Planner agenda (bound diary),4820102010,CA
2026Q4-DUO-CLOTH-SCA,Planner agenda (bound diary),4820102010,CA
2026Q4-DUO-HARD-AUT,Planner agenda (bound diary),4820102010,CA
2026Q4-DUO-HARD-BLF,Planner agenda (bound diary),4820102010,CA
2026Q4-DUO-HARD-WCHB,Planner agenda (bound diary),4820102010,CA
2026Q4-DUO-HARD-ENF,Planner agenda (bound diary),4820102010,CA
2026Q4-DUO-HARD-FWN,Planner agenda (bound diary),4820102010,CA
2026Q4-DUO-HARD-MOS,Planner agenda (bound diary),4820102010,CA
2026Q4-DUO-HARD-RIV,Planner agenda (bound diary),4820102010,CA
2026Q4-DUO-HARD-SCA,Planner agenda (bound diary),4820102010,CA
2026Q4-DUO-HARD-WDI,Planner agenda (bound diary),4820102010,CA
2026Q4-DUO-HARD-WIT,Planner agenda (bound diary),4820102010,CA
2026Q4-DUO-HARD-WDL,Planner agenda (bound diary),4820102010,CA
2026Q4-DUO-PAPER-CHB,Planner agenda (bound diary),4820102010,CA
2026Q4-DUO-PAPER-MOS,Planner agenda (bound diary),4820102010,CA
22026Q4-DUO-PAPER-RIV,Planner agenda (bound diary),4820102010,CA
2026Q4-DUO-PAPER-SCA,Planner agenda (bound diary),4820102010,CA
2026Q4-DAILY-CLOTH-AUT,Planner agenda (bound diary),4820102010,CA
2026Q4-DAILY-CLOTH-CHB,Planner agenda (bound diary),4820102010,CA
2026Q4-DAILY-CLOTH-ENF,Planner agenda (bound diary),4820102010,CA
2026Q4-DAILY-CLOTH-FWN,Planner agenda (bound diary),4820102010,CA
2026Q4-DAILY-CLOTH-MOS,Planner agenda (bound diary),4820102010,CA
2026Q4-DAILY-CLOTH-RIV,Planner agenda (bound diary),4820102010,CA
2026Q4-DAILY-CLOTH-SCA,Planner agenda (bound diary),4820102010,CA
2026Q4-DAILY-HARD-AUT,Planner agenda (bound diary),4820102010,CA
2026Q4-DAILY-HARD-BLF,Planner agenda (bound diary),4820102010,CA
2026Q4-DAILY-HARD-CHB,Planner agenda (bound diary),4820102010,CA
2026Q4-DAILY-HARD-ENF,Planner agenda (bound diary),4820102010,CA
2026Q4-DAILY-HARD-FWN,Planner agenda (bound diary),4820102010,CA
2026Q4-DAILY-HARD-MOS,Planner agenda (bound diary),4820102010,CA
2026Q4-DAILY-HARD-PLG,Planner agenda (bound diary),4820102010,CA
2026Q4-DAILY-HARD-RIVv,Planner agenda (bound diary),4820102010,CA
2026Q4-DAILY-HARD-SCA,Planner agenda (bound diary),4820102010,CA
2026Q4-DAILY-HARD-WDI,Planner agenda (bound diary),4820102010,CA
2026Q4-DAILY-HARD-WIT,Planner agenda (bound diary),4820102010,CA
2026Q4-DAILY-HARD-WDL,Planner agenda (bound diary),4820102010,CA
2026Q4-DAILY-PAPER-ENF,Planner agenda (bound diary),4820102010,CA
2026Q4-DAILY-PAPER-MOS,Planner agenda (bound diary),4820102010,CA
2026Q4-DAILY-PAPER-RIV,Planner agenda (bound diary),4820102010,CA
2026Q4-DAILY-PAPER-SCA,Planner agenda (bound diary),4820102010,CA
2026Q4-HOR-CLOTH-AUT,Planner agenda (bound diary),4820102010,CA
2026Q4-HOR-CLOTH-CHB,Planner agenda (bound diary),4820102010,CA
2026Q4-HOR-CLOTH-ENF,Planner agenda (bound diary),4820102010,CA
2026Q4-HOR-CLOTH-FWN,Planner agenda (bound diary),4820102010,CA
2026Q4-HOR-CLOTH-MOS,Planner agenda (bound diary),4820102010,CA
2026Q4-HOR-CLOTH-RIV,Planner agenda (bound diary),4820102010,CA
2026Q4-HOR-CLOTH-SCA,Planner agenda (bound diary),4820102010,CA
2026Q4-HOR-HARD-AUT,Planner agenda (bound diary),4820102010,CA
2026Q4-HOR-HARD-BLF,Planner agenda (bound diary),4820102010,CA
2026Q4-HOR-HARD-CHB,Planner agenda (bound diary),4820102010,CA
2026Q4-HOR-HARD-ENF,Planner agenda (bound diary),4820102010,CA
2026Q4-HOR-HARD-FWN,Planner agenda (bound diary),4820102010,CA
2026Q4-HOR-HARD- MOS,Planner agenda (bound diary),4820102010,CA
2026Q4-HOR-HARD-PLG,Planner agenda (bound diary),4820102010,CA
2026Q4-HOR-HARD-RIV,Planner agenda (bound diary),4820102010,CA
2026Q4-HOR-HARD-SCA,Planner agenda (bound diary),4820102010,CA
2026Q4-HOR-HARD-WDI,Planner agenda (bound diary),4820102010,CA
2026Q4-HOR-HARD-WIT,Planner agenda (bound diary),4820102010,CA
2026Q4-HOR-HARD-WDL,Planner agenda (bound diary),4820102010,CA
2026Q4-HOR-PAPER-CHB,Planner agenda (bound diary),4820102010,CA
2026Q4-HOR-PAPER-MOS,Planner agenda (bound diary),4820102010,CA
2026Q4-HOR-PAPER-RIV,Planner agenda (bound diary),4820102010,CA
2026Q4-HOR-PAPER-SCA,Planner agenda (bound diary),4820102010,CA
26-PLNR-BNDL-AUT-AC,Planner agenda (bound diary),4820102010,CA
26-PLNR-BNDL-AUT-AA,Planner agenda (bound diary),4820102010,CA
26-PLNR-BNDL-AUT,Planner agenda (bound diary),4820102010,CA
26-PLNR-BNDL-AUT-AB,Planner agenda (bound diary),4820102010,CA
26-PLNR-BNDL-CHB-AC,Planner agenda (bound diary),4820102010,CA
26-PLNR-BNDL-CHB-AA,Planner agenda (bound diary),4820102010,CA
26-PLNR-BNDL-CHB,Planner agenda (bound diary),4820102010,CA
26-PLNR-BNDL-CHB-AB,Planner agenda (bound diary),4820102010,CA
26-PLNR-BNDL-ECF-AC,Planner agenda (bound diary),4820102010,CA
26-PLNR-BNDL-ECF-AA,Planner agenda (bound diary),4820102010,CA
26-PLNR-BNDL-ECF,Planner agenda (bound diary),4820102010,CA
26-PLNR-BNDL-ECF-AB,Planner agenda (bound diary),4820102010,CA
26-PLNR-BNDL-FWN-AC,Planner agenda (bound diary),4820102010,CA
26-PLNR-BNDL-FWN-AA,Planner agenda (bound diary),4820102010,CA
26-PLNR-BNDL-FWN,Planner agenda (bound diary),4820102010,CA
26-PLNR-BNDL-FWN-AB,Planner agenda (bound diary),4820102010,CA
26-PLNR-BNDL-MOS-AC,Planner agenda (bound diary),4820102010,CA
26-PLNR-BNDL-MOS-AA,Planner agenda (bound diary),4820102010,CA
26-PLNR-BNDL-MOS,Planner agenda (bound diary),4820102010,CA
26-PLNR-BNDL-MOS-AB,Planner agenda (bound diary),4820102010,CA
26-PLNR-BNDL-RIV-AC,Planner agenda (bound diary),4820102010,CA
26-PLNR-BNDL-RIV-AA,Planner agenda (bound diary),4820102010,CA
26-PLNR-BNDL-RIV,Planner agenda (bound diary),4820102010,CA
26-PLNR-BNDL-RIV-AB,Planner agenda (bound diary),4820102010,CA
26-PLNR-BNDL-OAK-AC,Planner agenda (bound diary),4820102010,CA
26-PLNR-BNDL-OAK-AA,Planner agenda (bound diary),4820102010,CA
26-PLNR-BNDL-OAK,Planner agenda (bound diary),4820102010,CA
26-PLNR-BNDL-OAK-AB,Planner agenda (bound diary),4820102010,CA
26-PLNR-BNDL-WIN-AC,Planner agenda (bound diary),4820102010,CA
26-PLNR-BNDL-WIN-AA,Planner agenda (bound diary),4820102010,CA
26-PLNR-BNDL-WIN,Planner agenda (bound diary),4820102010,CA
26-PLNR-BNDL-WIN-AB,Planner agenda (bound diary),4820102010,CA
26-PLNR-BNDL-WDL-AC,Planner agenda (bound diary),4820102010,CA
26-PLNR-BNDL-WDL-AA,Planner agenda (bound diary),4820102010,CA
26-PLNR-BNDL-WDL,Planner agenda (bound diary),4820102010,CA
26-PLNR-BNDL-WDL-AB,Planner agenda (bound diary),4820102010,CA
2026Q4-COMBO-CLOTH-AUT,Planner agenda (bound diary),4820102010,CA
2026Q4-COMBO-CLOTH-CHB,Planner agenda (bound diary),4820102010,CA
2026Q4-COMBO-CLOTH-ENF,Planner agenda (bound diary),4820102010,CA
2026Q4-COMBO-CLOTH-FWN,Planner agenda (bound diary),4820102010,CA
2026Q4-COMBO-CLOTH-MOS,Planner agenda (bound diary),4820102010,CA
2026Q4-COMBO-CLOTH-RIV,Planner agenda (bound diary),4820102010,CA
2026Q4-COMBO-CLOTH-SCA,Planner agenda (bound diary),4820102010,CA
2026Q4-COMBO-HARD-AUT,Planner agenda (bound diary),4820102010,CA
2026Q4-COMBO-HARD-BLF,Planner agenda (bound diary),4820102010,CA
2026Q4-COMBO-HARD-CHB,Planner agenda (bound diary),4820102010,CA
2026Q4-COMBO-HARD-ENF,Planner agenda (bound diary),4820102010,CA
2026Q4-COMBO-HARD-FWN,Planner agenda (bound diary),4820102010,CA
2026Q4-COMBO-HARD-MOS,Planner agenda (bound diary),4820102010,CA
2026Q4-COMBO-HARD-PLG,Planner agenda (bound diary),4820102010,CA
2026Q4-COMBO-HARD-RIV,Planner agenda (bound diary),4820102010,CA
2026Q4-COMBO-HARD-SCA,Planner agenda (bound diary),4820102010,CA
2026Q4-COMBO-HARD-WDI,Planner agenda (bound diary),4820102010,CA
2026Q4-COMBO-HARD-WIT,Planner agenda (bound diary),4820102010,CA
2026Q4-COMBO-HARD-WDL,Planner agenda (bound diary),4820102010,CA
2026Q4-COMBO-PAPER-CHB,Planner agenda (bound diary),4820102010,CA
2026Q4-COMBO-PAPER-MOS,Planner agenda (bound diary),4820102010,CA
2026Q4-COMBO-PAPER-RIV,Planner agenda (bound diary),4820102010,CA
2026Q4-COMBO-PAPER-SCA,Planner agenda (bound diary),4820102010,CA
2026Q4-WEEKLY-CLOTH-AUT,Planner agenda (bound diary),4820102010,CA
2026Q4-WEEKLY-CLOTH-CHB,Planner agenda (bound diary),4820102010,CA
2026Q4-WEEKLY-CLOTH-ENF,Planner agenda (bound diary),4820102010,CA
2026Q4-WEEKLY-CLOTH-FWN,Planner agenda (bound diary),4820102010,CA
2026Q4-WEEKLY-CLOTH-MOS,Planner agenda (bound diary),4820102010,CA
2026Q4-WEEKLY-CLOTH-RIV,Planner agenda (bound diary),4820102010,CA
2026Q4-WEEKLY-CLOTH-SCA,Planner agenda (bound diary),4820102010,CA
2026Q4-WEEKLY-HARD-AUT,Planner agenda (bound diary),4820102010,CA
2026Q4-WEEKLY-HARD-BLF,Planner agenda (bound diary),4820102010,CA
2026Q4-WEEKLY-HARD-CHB,Planner agenda (bound diary),4820102010,CA
2026Q4-WEEKLY-HARD-ENF,Planner agenda (bound diary),4820102010,CA
2026Q4-WEEKLY-HARD-FWN,Planner agenda (bound diary),4820102010,CA
2026Q4-WEEKLY-HARD-MOS,Planner agenda (bound diary),4820102010,CA
2026Q4-WEEKLY-HARD-PLG,Planner agenda (bound diary),4820102010,CA
2026Q4-WEEKLY-HARD-RIV,Planner agenda (bound diary),4820102010,CA
2026Q4-WEEKLY-HARD-SCA,Planner agenda (bound diary),4820102010,CA
2026Q4-WEEKLY-HARD-WDI,Planner agenda (bound diary),4820102010,CA
2026Q4-WEEKLY-HARD-WIT,Planner agenda (bound diary),4820102010,CA
2026Q4-WEEKLY-HARD-WDL,Planner agenda (bound diary),4820102010,CA
2026Q4-WEEKLY-PAPER-CHB,Planner agenda (bound diary),4820102010,CA
2026Q4-WEEKLY-PAPER-MOS,Planner agenda (bound diary),4820102010,CA
2026Q4-WEEKLY-PAPER-RIV,Planner agenda (bound diary),4820102010,CA
2026Q4-WEEKLY-PAPER-SCA,Planner agenda (bound diary),4820102010,CA
NTB-AST-BLNK,Notebook (bound journal),4820102060,CA
NTB-DEE-BLNK,Notebook (bound journal),4820102060,CA
NTB-MAR-BLNK,Notebook (bound journal),4820102060,CA
NTB-ROS-BLNK,Notebook (bound journal),4820102060,CA
NTB-SEC-BLNK,Notebook (bound journal),4820102060,CA
NTB-WHI-BLNK,Notebook (bound journal),4820102060,CA
NTB-WIS-BLNK,Notebook (bound journal),4820102060,CA
INS-CL-BLNK-DIS,Planner inserts (loose refills),4820900000,CA
INS-DB-HL-BLNK-DIS,Planner inserts (loose refills),4820900000,CA
INS-A5-BLNK-RIN,Planner inserts (loose refills),4820900000,CA
NTB-DOT-DAH-AC,Notebook (bound journal),4820102060,CA
NTB-GRD-A5-DAH,Notebook (bound journal),4820102060,CA
NTB-DOT-DAH-AA,Notebook (bound journal),4820102060,CA
NTB-GRD-A5-DAH-AA,Notebook (bound journal),4820102060,CA
NTB-DOT-DAH,Notebook (bound journal),4820102060,CA
NTB-GRD-A5-DAH-AB,Notebook (bound journal),4820102060,CA
NTB-DOT-DAH-AB,Notebook (bound journal),4820102060,CA
NTB-GRD-A5-DAH-AC,Notebook (bound journal),4820102060,CA
JWL-14K-EAR-GLD-14,Sterling silver jewellery earrings,7113115000,CA
JWL-CMS-EAR-GLD-14,Sterling silver jewellery earrings,7113115000,CA
DOT-FWN-HA5-CUR,Notebook (bound journal),4820102060,CA
DOT-MON-HA5-CUR,Notebook (bound journal),4820102060,CA
DOT-RIV-HA5-CUR,Notebook (bound journal),4820102060,CA
DOT-FWN-HB5-RAB,"Notebook (sewn journal, B5 size)",4820102030,CA
DOT-RIV-HB5-RAB,"Notebook (sewn journal, B5 size)",4820102030,CA
DOT-FWN-HTN-RAB,Notebook (bound journal),4820102060,CA
DOT-MON-HTN-RAB,Notebook (bound journal),4820102060,CA
DOT-RIV-HTN-RAB,Notebook (bound journal),4820102060,CA
DOT-FWN-HA5-CUR70,Notebook (bound journal),4820102060,CA
DOT-MON-HA5-CUR70,Notebook (bound journal),4820102060,CA
DOT-RIV-HA5-CUR70,Notebook (bound journal),4820102060,CA
GRP-FWN-HA5-CUR-2,Notebook (bound journal),4820102060,CA
GRP-MON-HA5-CUR-2,Notebook (bound journal),4820102060,CA
GRP-RIV-HA5-CUR-2,Notebook (bound journal),4820102060,CA
GRP-FWN-HB5-RAB-2,"Notebook (sewn journal, B5 size)",4820102030,CA
GRP-RIV-HB5-RAB-2,"Notebook (sewn journal, B5 size)",4820102030,CA
GRP-FWN-HTN-RAB-2,Notebook (bound journal),4820102060,CA
GRP-MON-HTN-RAB-2,Notebook (bound journal),4820102060,CA
GRP-RIV-HTN-RAB-2,Notebook (bound journal),4820102060,CA
GRP-FWN-HA5-CUR70,Notebook (bound journal),4820102060,CA
GRP-MON-HA5-CUR70,Notebook (bound journal),4820102060,CA
GRP-RIV-HA5-CUR70,Notebook (bound journal),4820102060,CA
LIN-FWN-HA5-CUR,Notebook (bound journal),4820102060,CA
LIN-MON-HA5-CUR,Notebook (bound journal),4820102060,CA
LIN-RIV-HA5-CUR,Notebook (bound journal),4820102060,CA
GRP-FWN-HA5-CUR,Notebook (bound journal),4820102060,CA
GRP-MON-HA5-CUR,Notebook (bound journal),4820102060,CA
GRP-RIV-HA5-CUR,Notebook (bound journal),4820102060,CA
GRP-FWN-HB5-RAB,"Notebook (sewn journal, B5 size)",4820102030,CA
GRP-RIV-HB5-RAB,"Notebook (sewn journal, B5 size)",4820102030,CA
GRP-FWN-HTN-RAB,Notebook (bound journal),4820102060,CA
GRP-MON-HTN-RAB,Notebook (bound journal),4820102060,CA
GRP-RIV-HTN-RAB,Notebook (bound journal),4820102060,CA
NP-DN,Notepad,4820102020,CA
WK-DEF-AB,Planner agenda (bound diary),4820102010,CA
DOT-AUT-CFX,Notebook (bound journal),4820102060,CA
DOT-CHB-CFX,Notebook (bound journal),4820102060,CA
DOT-AST-CFX,Notebook (bound journal),4820102060,CA
DOT-ENF-CFX,Notebook (bound journal),4820102060,CA
DOT-FAW-CFX,Notebook (bound journal),4820102060,CA
DOT-MON-CFX,Notebook (bound journal),4820102060,CA
DOT-MOS-CFX,Notebook (bound journal),4820102060,CA
DOT-RIV-CFX,Notebook (bound journal),4820102060,CA
DOT-SCO-CFX,Notebook (bound journal),4820102060,CA
DOT-AUT-CF7,Notebook (bound journal),4820102060,CA
DOT-CHB-CF7,Notebook (bound journal),4820102060,CA
DOT-AST-CF7,Notebook (bound journal),4820102060,CA
DOT-ENF-CF7,Notebook (bound journal),4820102060,CA
DOT-FWN-CF7,Notebook (bound journal),4820102060,CA
DOT-MON-CF7,Notebook (bound journal),4820102060,CA
DOT-MOS-CF7,Notebook (bound journal),4820102060,CA
DOT-RIV-CF7,Notebook (bound journal),4820102060,CA
DOT-SCO-CF7,Notebook (bound journal),4820102060,CA
DOT-AUT-HA5,Notebook (bound journal),4820102060,CA
DOT-BLF-HA5,Notebook (bound journal),4820102060,CA
DOT-BTC-HA5,Notebook (bound journal),4820102060,CA
DOT-CHB-HA5,Notebook (bound journal),4820102060,CA
DOT-AST-HA5,Notebook (bound journal),4820102060,CA
DOT-ENF-HA5,Notebook (bound journal),4820102060,CA
DOT-FAW-HA5,Notebook (bound journal),4820102060,CA
DOT-MON-HA5,Notebook (bound journal),4820102060,CA
DOT-MOS-HA5,Notebook (bound journal),4820102060,CA
DOT-PLG-HA5,Notebook (bound journal),4820102060,CA
DOT-RIV-HA5,Notebook (bound journal),4820102060,CA
DOT-SCO-HA5,Notebook (bound journal),4820102060,CA
DOT-SNP-HA5,Notebook (bound journal),4820102060,CA
DOT-WDI-HA5,Notebook (bound journal),4820102060,CA
DOT-WDL-HA5,Notebook (bound journal),4820102060,CA
DOT-AUT-HB5,"Notebook (sewn journal, B5 size)",4820102030,CA
DOT-BLF-HB5,"Notebook (sewn journal, B5 size)",4820102030,CA
DOT-CHB-HB5,"Notebook (sewn journal, B5 size)",4820102030,CA
DOT-ENF-HB5,"Notebook (sewn journal, B5 size)",4820102030,CA
DOT-FAW-HB5,"Notebook (sewn journal, B5 size)",4820102030,CA
DOT-MOS-HB5,"Notebook (sewn journal, B5 size)",4820102030,CA
DOT-RIV-HB5,"Notebook (sewn journal, B5 size)",4820102030,CA
DOT-SCO-HB5,"Notebook (sewn journal, B5 size)",4820102030,CA
DOT-WDI-HB5,"Notebook (sewn journal, B5 size)",4820102030,CA
DOT-WDL-HB5,"Notebook (sewn journal, B5 size)",4820102030,CA
DNT-BLF-HTN,Notebook (bound journal),4820102060,CA
DNT-BTC-HTN,Notebook (bound journal),4820102060,CA
DNT-CHB-HTN,Notebook (bound journal),4820102060,CA
DNT-ENF-HTN,Notebook (bound journal),4820102060,CA
DNT-FAW-HTN,Notebook (bound journal),4820102060,CA
DNT-MON-HTN,Notebook (bound journal),4820102060,CA
DNT-MOS-HTN,Notebook (bound journal),4820102060,CA
DNT-RIV-HTN,Notebook (bound journal),4820102060,CA
DNT-SNP-HTN,Notebook (bound journal),4820102060,CA
DNT-WDL-HTN,Notebook (bound journal),4820102060,CA
DOT-AUT-H70,Notebook (bound journal),4820102060,CA
DOT-BLF-H70,Notebook (bound journal),4820102060,CA
DOT-BTC-H70,Notebook (bound journal),4820102060,CA
DOT-CHB-H70,Notebook (bound journal),4820102060,CA
DOT-AST-H70,Notebook (bound journal),4820102060,CA
DOT-ENF-H70,Notebook (bound journal),4820102060,CA
DOT-FWN-H70,Notebook (bound journal),4820102060,CA
DOT-MON-H70,Notebook (bound journal),4820102060,CA
DOT-MOS-H70,Notebook (bound journal),4820102060,CA
DOT-RIV-H70,Notebook (bound journal),4820102060,CA
DOT-SCO-H70,Notebook (bound journal),4820102060,CA
DOT-SNP-H70,Notebook (bound journal),4820102060,CA
DOT-WDI-H70,Notebook (bound journal),4820102060,CA
DOT-WDL-H70,Notebook (bound journal),4820102060,CA
DOT-CHB-P15,Notebook (bound journal),4820102060,CA
DOT-MOS-P15,Notebook (bound journal),4820102060,CA
DOT-RIV-P15,Notebook (bound journal),4820102060,CA
DOT-SCA-P15,Notebook (bound journal),4820102060,CA
DOT-CHB-PF7,Notebook (bound journal),4820102060,CA
DOT-MOS-PF7,Notebook (bound journal),4820102060,CA
DOT-RIV-PF7,Notebook (bound journal),4820102060,CA
DOT-SCA-PF7,Notebook (bound journal),4820102060,CA
NP-DO,Notepad,4820102020,CA
INS-CL-DOT-DIS,Planner inserts (loose refills),4820900000,CA
INS-DB-HL-DOT-DIS,Planner inserts (loose refills),4820900000,CA
INS-A5-DOT-RIN,Planner inserts (loose refills),4820900000,CA
STK-HDR,Paper sticker,4911998000,CA
STK-LKS,Paper sticker,4911998000,CA
STK-SPN,Paper sticker,4911998000,CA
STK-FIN-SMT,Paper sticker,4911998000,CA
NBD-SP-24-A5-DA-FLR,Notebook (bound journal),4820102060,CA
NBD-SP-24-B5-DA-FLR,"Notebook (sewn journal, B5 size)",4820102030,CA
NBD-SP-24-TN-DA-FLR,Notebook (bound journal),4820102060,CA
NBD-SP-24-A5-JP-FLR,Notebook (bound journal),4820102060,CA
NBD-SP-24-B5-JP-FLR,"Notebook (sewn journal, B5 size)",4820102030,CA
NBD-SP-24-TN-JP-FLR,Notebook (bound journal),4820102060,CA
NBD-SP-24-A5-PF-FLR,Notebook (bound journal),4820102060,CA
NBD-SP-24-B5-PF-FLR,"Notebook (sewn journal, B5 size)",4820102030,CA
NBD-SP-24-TN-PF-FLR,Notebook (bound journal),4820102060,CA
NBD-SP-24-A5-SL-FLR,Notebook (bound journal),4820102060,CA
NBD-SP-24-B5-SL-FLR,"Notebook (sewn journal, B5 size)",4820102030,CA
NBD-SP-24-TN-SL-FLR,Notebook (bound journal),4820102060,CA
NBD-SP-24-A5-WO-FLR,Notebook (bound journal),4820102060,CA
NBD-SP-24-B5-WO-FLR,"Notebook (sewn journal, B5 size)",4820102030,CA
NBD-SP-24-TN-WO-FLR,Notebook (bound journal),4820102060,CA
NBD-SP-24-A5-WL-FLR,Notebook (bound journal),4820102060,CA
NBD-SP-24-B5-WL-FLR,"Notebook (sewn journal, B5 size)",4820102030,CA
NBD-SP-24-TN-WL-FLR,Notebook (bound journal),4820102060,CA
NTB-DOT-A5-DAH-IM,Notebook (bound journal),4820102060,CA
NTB-DOT-A5-JUN-IM,Notebook (bound journal),4820102060,CA
NTB-DOT-A5-PAC-IM,Notebook (bound journal),4820102060,CA
NTB-DOT-A5-WOR-IM,Notebook (bound journal),4820102060,CA
NTB-DOT-A5-WOR-IM-AA,Notebook (bound journal),4820102060,CA
NTB-DOT-A5-WIL-IM,Notebook (bound journal),4820102060,CA
NTB-DOT-B5-DAH-IM,Notebook (bound journal),4820102060,CA
NTB-DOT-B5-DAH-IM-AA,"Notebook (sewn journal, B5 size)",4820102030,CA
NTB-DOT-B5-JUN-IM,"Notebook (sewn journal, B5 size)",4820102030,CA
NTB-DOT-B5-PAC-IM,"Notebook (sewn journal, B5 size)",4820102030,CA
NTB-DOT-B5-WOR-IM,"Notebook (sewn journal, B5 size)",4820102030,CA
NTB-DOT-B5-WIL-IM,Notebook (bound journal),4820102060,CA
NTB-DOT-TN-DAH-IM,Notebook (bound journal),4820102060,CA
NTB-DOT-TN-JUN-IM,Notebook (bound journal),4820102060,CA
NTB-DOT-TN-PAC-IM,Notebook (bound journal),4820102060,CA
NTB-DOT-TN-WOR-IM,Notebook (bound journal),4820102060,CA
NTB-DOT-TN-WOR-IM-AA,Notebook (bound journal),4820102060,CA
NTB-DOT-TN-WIL-IM,Notebook (bound journal),4820102060,CA
NB-DEE-A-GPH,Notebook (bound journal),4820102060,CA
NB-JUN-A-GPH,Notebook (bound journal),4820102060,CA
NB-PAC-A-GPH,Notebook (bound journal),4820102060,CA
NB-SLA-A-GPH,Notebook (bound journal),4820102060,CA
NB-WIL-A-GPH,Notebook (bound journal),4820102060,CA
NTB-GRD-WIL-AB,Notebook (bound journal),4820102060,CA
NB-DEE-B-GPH,"Notebook (sewn journal, B5 size)",4820102030,CA
NB-JUN-B-GPH,"Notebook (sewn journal, B5 size)",4820102030,CA
NB-PAC-B-GPH,"Notebook (sewn journal, B5 size)",4820102030,CA
NB-SLA-B-GPH,"Notebook (sewn journal, B5 size)",4820102030,CA
NB-WIL-B-GPH,"Notebook (sewn journal, B5 size)",4820102030,CA
NTB-GRD-WIL-AC,"Notebook (sewn journal, B5 size)",4820102030,CA
NB-DEE-TN-GPH,Notebook (bound journal),4820102060,CA
NB-JUN-TN-GPH,Notebook (bound journal),4820102060,CA
NB-PAC-TN-GPH,Notebook (bound journal),4820102060,CA
NB-SLA-TN-GPH,Notebook (bound journal),4820102060,CA
NB-WIL-TN-GPH,Notebook (bound journal),4820102060,CA
NTB-GRD-WIL,Notebook (bound journal),4820102060,CA
NTB-GRD-A5-JUN-IM,Notebook (bound journal),4820102060,CA
NTB-GRD-A5-PAC-IM,Notebook (bound journal),4820102060,CA
NTB-GRD-A5-PAC-IM-AA,Notebook (bound journal),4820102060,CA
NTB-GRD-A5-WOR-IM,Notebook (bound journal),4820102060,CA
NTB-GRD-A5-WOR-IM-AB,Notebook (bound journal),4820102060,CA
NTB-GRD-A5-WOR-IM-AA,Notebook (bound journal),4820102060,CA
NTB-GRD-A5-WIL-IM,Notebook (bound journal),4820102060,CA
NTB-GRD-B5-DAH-IM,"Notebook (sewn journal, B5 size)",4820102030,CA
NTB-GRD-B5-JUN-IM,"Notebook (sewn journal, B5 size)",4820102030,CA
NTB-GRD-B5-PAC-IM,"Notebook (sewn journal, B5 size)",4820102030,CA
NTB-GRD-B5-WOR-IM,"Notebook (sewn journal, B5 size)",4820102030,CA
NTB-GRD-B5-WIL-IM,"Notebook (sewn journal, B5 size)",4820102030,CA
NTB-GRD-TN-DAH-IM,Notebook (bound journal),4820102060,CA
NTB-GRD-TN-JUN-IM,Notebook (bound journal),4820102060,CA
NTB-GRD-TN-PAC-IM,Notebook (bound journal),4820102060,CA
NTB-GRD-TN-WOR-IM-AA,Notebook (bound journal),4820102060,CA
NTB-GRD-TN-WOR-IM,Notebook (bound journal),4820102060,CA
FR-TRNSPKT,,,CA
GFT-10,,,CA
GC-100,,,CA
GC-125,,,CA
GFT-15,,,CA
GC-150,,,CA
GC-200,,,CA
GFT-25,,,CA
GFT-5,,,CA
GC-50,,,CA
GC-75,,,CA
INS-A5-A5X,Planner inserts (loose refills),4820900000,CA
INS-CL-CLA,Planner inserts (loose refills),4820900000,CA
INS-HL-HAL,Planner inserts (loose refills),4820900000,CA
GRP-AUT-CF7,Notebook (bound journal),4820102060,CA
GRP-CHB-CF7,Notebook (bound journal),4820102060,CA
GRP-AST-CF7,Notebook (bound journal),4820102060,CA
GRP-ENF-CF7,Notebook (bound journal),4820102060,CA
GRP-FWN-CF7,Notebook (bound journal),4820102060,CA
GRP-MON-CF7,Notebook (bound journal),4820102060,CA
GRP-MOS-CF7,Notebook (bound journal),4820102060,CA
GRP-RIV-CF7,Notebook (bound journal),4820102060,CA
GRP-SCO-CF7,Notebook (bound journal),4820102060,CA
GRP-AUT-HA5,Notebook (bound journal),4820102060,CA
GRP-BLF-HA5,Notebook (bound journal),4820102060,CA
GRP-BTC-HA5,Notebook (bound journal),4820102060,CA
GRP-CHB-HA5,Notebook (bound journal),4820102060,CA
GRP-AST-HA5,Notebook (bound journal),4820102060,CA
GRP-ENF-HA5,Notebook (bound journal),4820102060,CA
GRP-FWN-HA5,Notebook (bound journal),4820102060,CA
GRP-MON-HA5,Notebook (bound journal),4820102060,CA
GRP-MOS-HA5,Notebook (bound journal),4820102060,CA
GRP-RIV-HA5,Notebook (bound journal),4820102060,CA
GRP-SCO-HA5,Notebook (bound journal),4820102060,CA
GRP-SNP-HA5,Notebook (bound journal),4820102060,CA
GRP-WDL-HA5,Notebook (bound journal),4820102060,CA
GRP-AUT-HB5,"Notebook (sewn journal, B5 size)",4820102030,CA
GRP-BLF-HB5,"Notebook (sewn journal, B5 size)",4820102030,CA
GRP-CHB-HB5,"Notebook (sewn journal, B5 size)",4820102030,CA
GRP-ENF-HB5,"Notebook (sewn journal, B5 size)",4820102030,CA
GRP-FWN-HB5,"Notebook (sewn journal, B5 size)",4820102030,CA
GRP-MOS-HB5,"Notebook (sewn journal, B5 size)",4820102030,CA
GRP-RIV-HB5,"Notebook (sewn journal, B5 size)",4820102030,CA
GRP-SCO-HB5,"Notebook (sewn journal, B5 size)",4820102030,CA
GRP-WDI-HB5,"Notebook (sewn journal, B5 size)",4820102030,CA
GRP-WDL-HB5,"Notebook (sewn journal, B5 size)",4820102030,CA
GNT-BLF-HTN,Notebook (bound journal),4820102060,CA
GNT-BTC-HTN,Notebook (bound journal),4820102060,CA
GNT-CHB-HTN,Notebook (bound journal),4820102060,CA
GNT-ENF-HTN,Notebook (bound journal),4820102060,CA
GNT-FWN-HTN,Notebook (bound journal),4820102060,CA
GNT-MON-HTN,Notebook (bound journal),4820102060,CA
GNT-MOS-HTN,Notebook (bound journal),4820102060,CA
GNT-RIV-HTN,Notebook (bound journal),4820102060,CA
GNT-SNP-HTN,Notebook (bound journal),4820102060,CA
GNT-WDL-HTN,Notebook (bound journal),4820102060,CA
GRP-AUT-H70,Notebook (bound journal),4820102060,CA
GRP-BLF-H70,Notebook (bound journal),4820102060,CA
GRP-BTC-H70,Notebook (bound journal),4820102060,CA
GRP-CHB-H70,Notebook (bound journal),4820102060,CA
GRP-AST-H70,Notebook (bound journal),4820102060,CA
GRP-ENF-H70,Notebook (bound journal),4820102060,CA
GRP-FWN-H70,Notebook (bound journal),4820102060,CA
GRP-MON-H70,Notebook (bound journal),4820102060,CA
GRP-MOS-H70,Notebook (bound journal),4820102060,CA
GRP-RIV-H70,Notebook (bound journal),4820102060,CA
GRP-SCO-H70,Notebook (bound journal),4820102060,CA
GRP-SNP-H70,Notebook (bound journal),4820102060,CA
GRP-WDI-H70,Notebook (bound journal),4820102060,CA
GRP-WDL-H70,Notebook (bound journal),4820102060,CA
GRP-CHB-PF7,Notebook (bound journal),4820102060,CA
GRP-MOS-PF7,Notebook (bound journal),4820102060,CA
GRP-RIV-PF7,Notebook (bound journal),4820102060,CA
GRP-FWN-PF7,Notebook (bound journal),4820102060,CA
NP-BN,Notepad,4820102020,CA
INS-HPC-GP,Planner inserts (loose refills),4820900000,CA
INS-HL-GP,Planner inserts (loose refills),4820900000,CA
INS-A5-GP,Planner inserts (loose refills),4820900000,CA
INSWKS-CLHP-25-SS,Planner inserts (loose refills),4820900000,CA
INSWKS-HL-25-SS,Planner inserts (loose refills),4820900000,CA
INSWKS-A5-25-SS,Planner inserts (loose refills),4820900000,CA
STCK-HABIT,Sticky notepad,4820102020,CA
STCK-HABIT-2,Sticky notepad,4820102020,CA
DOT-BLF-HA5-HOF,Notebook (bound journal),4820102060,CA
DOT-ENF-HA5-HOF,Notebook (bound journal),4820102060,CA
DOT-WDL-HA5-HOF,Notebook (bound journal),4820102060,CA
DOT-BLF-HB5-HOF,"Notebook (sewn journal, B5 size)",4820102030,CA
DOT-ENF-HB5-HOF,"Notebook (sewn journal, B5 size)",4820102030,CA
DOT-WDL-HB5-HOF,"Notebook (sewn journal, B5 size)",4820102030,CA
DOT-BLF-HTN-HOF,Notebook (bound journal),4820102060,CA
DOT-ENF-HTN-HOF,Notebook (bound journal),4820102060,CA
DOT-WDL-HTN-HOF,Notebook (bound journal),4820102060,CA
DOT-BLF-HA5-HOF70,Notebook (bound journal),4820102060,CA
DOT-ENF-HA5-HOF70,Notebook (bound journal),4820102060,CA
DOT-WDL-HA5-HOF70,Notebook (bound journal),4820102060,CA
GRP-BLF-HA5-HOF,Notebook (bound journal),4820102060,CA
GRP-ENF-HA5-HOF,Notebook (bound journal),4820102060,CA
GRP-WDL-HA5-HOF,Notebook (bound journal),4820102060,CA
GRP-BLF-HB5-HOF,"Notebook (sewn journal, B5 size)",4820102030,CA
GRP-ENF-HB5-HOF,"Notebook (sewn journal, B5 size)",4820102030,CA
GRP-WDL-HB5-HOF,"Notebook (sewn journal, B5 size)",4820102030,CA
GRP-BLF-HTN-HOF,Notebook (bound journal),4820102060,CA
GRP-ENF-HTN-HOF,Notebook (bound journal),4820102060,CA
GRP-WDL-HTN-HOF,Notebook (bound journal),4820102060,CA
NTB-LIN-A5-ECF,Notebook (bound journal),4820102060,CA
NTB-LIN-A5-WDL,Notebook (bound journal),4820102060,CA
JWL-14K-BRC-GLD-14,Sterling silver jewellery bracelet,7113115000,CA
BRC-MED-GLP,Sterling silver jewellery bracelet,7113115000,CA
JWL-HLC-BRC-GLD-14,Sterling silver jewellery bracelet,7113115000,CA
JWL-SIL-BRC-SLV-AB,Sterling silver jewellery bracelet,7113115000,CA
JWL-SIL-BRC-SLV-AA,Sterling silver jewellery bracelet,7113115000,CA
JWL-SIL-BRC-SLV,Sterling silver jewellery bracelet,7113115000,CA
BRC-SML-GLP-4,Sterling silver jewellery earrings,7113115000,CA
BRC-SML-GLP-3,Sterling silver jewellery earrings,7113115000,CA
PEN-ALUMINUM,Gel ink pen,9608100000,CA
PEN-BRASS,Gel ink pen,9608100000,CA
AC-HI-AUT,Paper sticker,4911998000,CA
AC-HI-LR,Paper sticker,4911998000,CA
AC-HI-MA,Paper sticker,4911998000,CA
AC-HI-DAS,Paper sticker,4911998000,CA
STK-HLT-DPO,Paper sticker,4911998000,CA
AC-HI-FE,Paper sticker,4911998000,CA
STK-HLT-FWN,Paper sticker,4911998000,CA
STK-HLT-MRG,Paper sticker,4911998000,CA
AC-HI-MO,Paper sticker,4911998000,CA
AC-HI-MOS,Paper sticker,4911998000,CA
AC-HI-NIM,Paper sticker,4911998000,CA
AC-HI-ELB,Paper sticker,4911998000,CA
AC-HI-RI,Paper sticker,4911998000,CA
STK-HLT-OAK,Paper sticker,4911998000,CA
STK-HLT-SNP,Paper sticker,4911998000,CA
AC-HI-TDL,Paper sticker,4911998000,CA
AC-HI-LI,Paper sticker,4911998000,CA
AC-HI-WO,Paper sticker,4911998000,CA
STK-HLT,Paper sticker,4911998000,CA
JWL-HUM-EAR-PR-AA,Sterling silver jewellery earrings,7113115000,CA
JWL-HUM-EAR-SN-AA,Sterling silver jewellery earrings,7113115000,CA
DOT-RIV-HA5-HUM,Notebook (bound journal),4820102060,CA
DOT-WDI-HA5-HUM,Notebook (bound journal),4820102060,CA
DOT-RIV-HB5-HUM,"Notebook (sewn journal, B5 size)",4820102030,CA
DOT-WDI-HB5-HUM,"Notebook (sewn journal, B5 size)",4820102030,CA
DOT-RIV-HA5-HUM70,Notebook (bound journal),4820102060,CA
DOT-WDI-HA5-HUM70,Notebook (bound journal),4820102060,CA
GRP-RIV-HA5-HUM,Notebook (bound journal),4820102060,CA
GRP-RIV-HB5-HUM,"Notebook (sewn journal, B5 size)",4820102030,CA
GRP-WDI-HB5-HUM,"Notebook (sewn journal, B5 size)",4820102030,CA
GRP-RIV-HA5-HUM70,Notebook (bound journal),4820102060,CA
GRP-WDI-HA5-HUM70,Notebook (bound journal),4820102060,CA
LIN-RIV-HA5-HUM,Notebook (bound journal),4820102060,CA
LIN-WDI-HA5-HUM,Notebook (bound journal),4820102060,CA
JWL-HUM-EAR-PR,Sterling silver jewellery earrings,7113115000,CA
JWL-HUM-EAR-SN,Sterling silver jewellery earrings,7113115000,CA
HYDR-DEF,Paper sticker,4911998000,CA
DAI-ENC,Planner agenda (bound diary),4820102010,CA
WKP-UND-CHB-IM,Planner agenda (bound diary),4820102010,CA
WKP-UND-ECF-IM,Planner agenda (bound diary),4820102010,CA
WKP-UND-ECF-IM-AA,Planner agenda (bound diary),4820102010,CA
WKP-UND-FWN-IM,Planner agenda (bound diary),4820102010,CA
WKP-UND-MNF-IM,Planner agenda (bound diary),4820102010,CA
WKP-UND-MOS-IM,Planner agenda (bound diary),4820102010,CA
WKP-UND-MOS-IM-AA,Planner agenda (bound diary),4820102010,CA
WKP-UND-RIV-IM,Planner agenda (bound diary),4820102010,CA
NTB-DOT-A5-PLG-IM,Notebook (bound journal),4820102060,CA
NTB-DOT-A5-WIN-IM,Notebook (bound journal),4820102060,CA
NTB-DOT-TN-SNP-IM,Notebook (bound journal),4820102060,CA
NTB-DOT-TN-SNP-IM-AA,Notebook (bound journal),4820102060,CA
NTB-DOT-TN-WDL-IM,Notebook (bound journal),4820102060,CA
GRP-A5-SCA,Notebook (bound journal),4820102060,CA
GRP-A5-SCA-AB,Notebook (bound journal),4820102060,CA
GRP-A5-SNA,Notebook (bound journal),4820102060,CA
GRP-B5-AUT,"Notebook (sewn journal, B5 size)",4820102030,CA
GRP-B5-CHA-AC,"Notebook (sewn journal, B5 size)",4820102030,CA
GRP-TN-SNA,Notebook (bound journal),4820102060,CA
DOT-B5-ENC,"Notebook (sewn journal, B5 size)",4820102030,CA
NTB-GRD-B5-ECF-IM,"Notebook (sewn journal, B5 size)",4820102030,CA
NTB-GRD-B5-WDL-IM,"Notebook (sewn journal, B5 size)",4820102030,CA
NTB-LIN-A5-ECF-IM,Notebook (bound journal),4820102060,CA
NTB-LIN-A5-WDL-IM,Notepad,4820102020,CA
DOT-A5-WIL,Notebook (bound journal),4820102060,CA
DOT-A5-WIL-AB,Notebook (bound journal),4820102060,CA
GRP-A5-RIV,Notebook (bound journal),4820102060,CA
NTB-LIN-A5-RIV-IM,Notebook (bound journal),4820102060,CA
NTB-LIN-A5-WIN-IM,Notebook (bound journal),4820102060,CA
LIN-A5-MOO,Notebook (bound journal),4820102060,CA
LIN-A5-SNA,Notebook (bound journal),4820102060,CA
GRP-B5-CHA,"Notebook (sewn journal, B5 size)",4820102030,CA
DOT-B5-MOS,"Notebook (sewn journal, B5 size)",4820102030,CA
NTB-GRD-B5-FWN-IM,"Notebook (sewn journal, B5 size)",4820102030,CA
NTB-GRD-TN-FWN-IM,Notebook (bound journal),4820102060,CA
LIN-A5-MOS,Notebook (bound journal),4820102060,CA
GRP-TN-BLO,Notebook (bound journal),4820102060,CA
IMP-DOT-ENC-A5,Notebook (bound journal),4820102060,CA
IMP-DOT-WOO-A5,Notebook (bound journal),4820102060,CA
GRP-A5-WOO,Notebook (bound journal),4820102060,CA
LIN-A5-WOO-AB,Notebook (bound journal),4820102060,CA
GRP-B5-CHA-AB,"Notebook (sewn journal, B5 size)",4820102030,CA
DLP-UND-OAK-IM,Planner agenda (bound diary),4820102010,CA
DLP-UND-WDL-IM,Planner agenda (bound diary),4820102010,CA
WKP-UND-AUT-IM,Planner agenda (bound diary),4820102010,CA
WKP-UND-AUT-IM-AA,Planner agenda (bound diary),4820102010,CA
WKP-UND-BLO-IM,Planner agenda (bound diary),4820102010,CA
WKP-UND-BLO-IM-AA,Planner agenda (bound diary),4820102010,CA
WKP-UND-BTR-IM,Planner agenda (bound diary),4820102010,CA
WKP-UND-CHB-IM-AA,Planner agenda (bound diary),4820102010,CA
WKP-UND-ECF-IM-AB,Planner agenda (bound diary),4820102010,CA
WKP-UND-FWN-IM-AA,Planner agenda (bound diary),4820102010,CA
WKP-UND-MNF-IM-AA,Planner agenda (bound diary),4820102010,CA
WKP-UND-MOS-IM-AB,Planner agenda (bound diary),4820102010,CA
WKP-UND-RIV-IM-AA,Planner agenda (bound diary),4820102010,CA
WKP-UND-OAK-IM,Planner agenda (bound diary),4820102010,CA
WKP-UND-SNP-IM,Planner agenda (bound diary),4820102010,CA
WKP-UND-WIN-IM,Planner agenda (bound diary),4820102010,CA
WKP-UND-WIN-IM-AA,Planner agenda (bound diary),4820102010,CA
WKP-UND-WDL-IM,Planner agenda (bound diary),4820102010,CA
WKP-UND-AUT-IM-AB,Planner agenda (bound diary),4820102010,CA
WKP-UND-BLO-IM-AB,Planner agenda (bound diary),4820102010,CA
WKP-UND-BTR-IM-AA,Planner agenda (bound diary),4820102010,CA
WKP-UND-CHB-IM-AB,Planner agenda (bound diary),4820102010,CA
WKP-UND-CHB-IM-AC,Planner agenda (bound diary),4820102010,CA
WKP-UND-ECF-IM-AC,Planner agenda (bound diary),4820102010,CA
WKP-UND-FWN-IM-AB,Planner agenda (bound diary),4820102010,CA
WKP-UND-MNF-IM-AB,Planner agenda (bound diary),4820102010,CA
WKP-UND-MOS-IM-AC,Planner agenda (bound diary),4820102010,CA
WKP-UND-RIV-IM-AB,Planner agenda (bound diary),4820102010,CA
WKP-UND-OAK-IM-AA,Planner agenda (bound diary),4820102010,CA
WKP-UND-SNP-IM-AA,Planner agenda (bound diary),4820102010,CA
WKP-UND-WIN-IM-AB,Planner agenda (bound diary),4820102010,CA
WKP-UND-WIN-IM-AC,Planner agenda (bound diary),4820102010,CA
WKP-UND-WDL-IM-AA,Planner agenda (bound diary),4820102010,CA
WK-RIV-AD,Planner agenda (bound diary),4820102010,CA
WK-MOS-AE,Planner agenda (bound diary),4820102010,CA
NTB-BLNK-AST-AA,Notebook (bound journal),4820102060,CA
NTB-BLNK-DPF-AA,Notebook (bound journal),4820102060,CA
NTB-BLNK-MRG-AA,Notebook (bound journal),4820102060,CA
NTB-BLNK-RWO-AA,Notebook (bound journal),4820102060,CA
NTB-BLNK-SCG-AA,Notebook (bound journal),4820102060,CA
NTB-BLNK-WOK-AA,Notebook (bound journal),4820102060,CA
NTB-BLNK-WIS-AA,Notebook (bound journal),4820102060,CA
NTB-BLNK-AST-IM-AB,Notebook (bound journal),4820102060,CA
NTB-BLNK-AST-IM,Notebook (bound journal),4820102060,CA
NTB-BLNK-DPF-IM,Notebook (bound journal),4820102060,CA
NTB-BLNK-MRG-IM-AA,Notebook (bound journal),4820102060,CA
NTB-BLNK-RWO-IM,Notebook (bound journal),4820102060,CA
NTB-BLNK-SCG-IM-AC,Notebook (bound journal),4820102060,CA
NTB-BLNK-SCG-IM-AD,Notebook (bound journal),4820102060,CA
NTB-BLNK-SCG-IM,Notebook (bound journal),4820102060,CA
NTB-BLNK-WOK-IM,Notebook (bound journal),4820102060,CA
NTB-BLNK-WIS-IM-AA,Notebook (bound journal),4820102060,CA
LIN-AUT-CFX,Notebook (bound journal),4820102060,CA
LIN-CHB-CFX,Notebook (bound journal),4820102060,CA
LIN-AST-CFX,Notebook (bound journal),4820102060,CA
LIN-ENF-CFX,Notebook (bound journal),4820102060,CA
LIN-FWN-CFX,Notebook (bound journal),4820102060,CA
LIN-MON-CFX,Notebook (bound journal),4820102060,CA
LIN-MOS-CFX,Notebook (bound journal),4820102060,CA
LIN-RIV-CFX,Notebook (bound journal),4820102060,CA
LIN-SCO-CFX,Notebook (bound journal),4820102060,CA
LIN-AUT-HA5,Notebook (bound journal),4820102060,CA
LIN-BLF-HA5,Notebook (bound journal),4820102060,CA
LIN-BTC-HA5,Notebook (bound journal),4820102060,CA
LIN-CHB-HA5,Notebook (bound journal),4820102060,CA
LIN-AST-HA5,Notebook (bound journal),4820102060,CA
LIN-ENF-HA5,Notebook (bound journal),4820102060,CA
LIN-FWN-HA5,Notebook (bound journal),4820102060,CA
LIN-MON-HA5,Notebook (bound journal),4820102060,CA
LIN-MOS-HA5,Notebook (bound journal),4820102060,CA
LIN-RIV-HA5,Notebook (bound journal),4820102060,CA
LIN-SCO-HA5,Notebook (bound journal),4820102060,CA
LIN-SNP-HA5,Notebook (bound journal),4820102060,CA
LIN-WDI-HA5L,Notebook (bound journal),4820102060,CA
LIN-WDL-HA5,Notebook (bound journal),4820102060,CA
LIN-CHB-PFX,Notebook (bound journal),4820102060,CA
LIN-MOS-PFX,Notebook (bound journal),4820102060,CA
LIN-RIV-PFX,Notebook (bound journal),4820102060,CA
LIN-SCA-PFX,Notebook (bound journal),4820102060,CA
NP-LI,Notepad,4820102020,CA
LIST-DEF,Paper sticker,4911998000,CA
NTB-BLNK-AST,Notebook (bound journal),4820102060,CA
NTB-BLNK-DPF,Notebook (bound journal),4820102060,CA
NTB-BLNK-MRG,Notebook (bound journal),4820102060,CA
NTB-BLNK-RWO,Notebook (bound journal),4820102060,CA
NTB-BLNK-SCG,Notebook (bound journal),4820102060,CA
NTB-BLNK-WOK,Notebook (bound journal),4820102060,CA
NTB-BLNK-WIS,Notebook (bound journal),4820102060,CA
NTB-BLNK-AST-IM-AA,Notebook (bound journal),4820102060,CA
NTB-BLNK-DPF-IM-AA,Notebook (bound journal),4820102060,CA
NTB-BLNK-MRG-IM,Notebook (bound journal),4820102060,CA
NTB-BLNK-RWO-IM-AA,Notebook (bound journal),4820102060,CA
NTB-BLNK-SCG-IM-AB,Notebook (bound journal),4820102060,CA
NTB-BLNK-SCG-IM-AA,Notebook (bound journal),4820102060,CA
NTB-BLNK-SCG-IM-AE,Notebook (bound journal),4820102060,CA
NTB-BLNK-WOK-IM-AA,Notebook (bound journal),4820102060,CA
NTB-BLNK-WIS-IM,Notebook (bound journal),4820102060,CA
NBD-SP-24-A5-DA-LMN,Notebook (bound journal),4820102060,CA
NBD-SP-24-B5-DA-LMN,"Notebook (sewn journal, B5 size)",4820102030,CA
NTB-DOT-DAH-AD,Notebook (bound journal),4820102060,CA
NBD-SP-24-A5-JP-LMN,Notebook (bound journal),4820102060,CA
NBD-SP-24-B5-JP-LMN,"Notebook (sewn journal, B5 size)",4820102030,CA
NBD-SP-24-TN-JP-LMN,Notebook (bound journal),4820102060,CA
NBD-SP-24-A5-PF-LMN,Notebook (bound journal),4820102060,CA
NBD-SP-24-B5-PF-LMN,"Notebook (sewn journal, B5 size)",4820102030,CA
NBD-SP-24-TN-PF-LMN,Notebook (bound journal),4820102060,CA
NBD-SP-24-A5-SL-LMN,Notebook (bound journal),4820102060,CA
NBD-SP-24-B5-SL-LMN,"Notebook (sewn journal, B5 size)",4820102030,CA
NBD-SP-24-TN-SL-LMN,Notebook (bound journal),4820102060,CA
NBD-SP-24-A5-WO-LMN,Notebook (bound journal),4820102060,CA
NBD-SP-24-B5-WO-LMN,"Notebook (sewn journal, B5 size)",4820102030,CA
NBD-SP-24-TN-WO-LMN,Notebook (bound journal),4820102060,CA
NBD-SP-24-A5-WL-LMN,Notebook (bound journal),4820102060,CA
NBD-SP-24-B5-WL-LMN,"Notebook (sewn journal, B5 size)",4820102030,CA
NBD-SP-24-TN-WL-LMN,Notebook (bound journal),4820102060,CA
NTB-DOT-JUN-IM-AB,Notebook (bound journal),4820102060,CA
NTB-DOT-PAC-IM-AB,Notebook (bound journal),4820102060,CA
NTB-DOT-PAC-IM-AC,Notebook (bound journal),4820102060,CA
NTB-DOT-WOR-IM-AB,Notebook (bound journal),4820102060,CA
NTB-DOT-WIL-IM-AC,Notebook (bound journal),4820102060,CA
NTB-DOT-DAH-IM-AC,"Notebook (sewn journal, B5 size)",4820102030,CA
NTB-DOT-JUN-IM-AC,"Notebook (sewn journal, B5 size)",4820102030,CA
NTB-DOT-PAC-IM-AA,"Notebook (sewn journal, B5 size)",4820102030,CA
NTB-DOT-PAC-IM-AD,"Notebook (sewn journal, B5 size)",4820102030,CA
NTB-DOT-SLA-IM,"Notebook (sewn journal, B5 size)",4820102030,CA
NTB-DOT-WOR-IM-AC,"Notebook (sewn journal, B5 size)",4820102030,CA
NTB-DOT-WIL-IM-AD,"Notebook (sewn journal, B5 size)",4820102030,CA
NTB-DOT-DAH-IM-AD,Notebook (bound journal),4820102060,CA
NTB-DOT-DAH-IM-AE,Notebook (bound journal),4820102060,CA
NTB-DOT-JUN-IM-AD,Notebook (bound journal),4820102060,CA
NTB-DOT-JUN-IM-AE,Notebook (bound journal),4820102060,CA
NTB-DOT-PAC-IM-AE,Notebook (bound journal),4820102060,CA
NTB-DOT-SLA-IM-AA,Notebook (bound journal),4820102060,CA
NTB-DOT-WOR-IM-AD,Notebook (bound journal),4820102060,CA
NTB-DOT-WIL-IM-AE,Notebook (bound journal),4820102060,CA
NB-DEE-AX-GPH,Notebook (bound journal),4820102060,CA
NB-JUN-AX-GPH,Notebook (bound journal),4820102060,CA
NB-PAC-AX-GPH,Notebook (bound journal),4820102060,CA
NTB-GRD-SLA-AB,Notebook (bound journal),4820102060,CA
NB-WIL-AX-GPH,Notebook (bound journal),4820102060,CA
NTB-GRD-WIL-AF,Notebook (bound journal),4820102060,CA
NTB-GRD-DAH-AB,"Notebook (sewn journal, B5 size)",4820102030,CA
NB-JUN-BX-GPH,"Notebook (sewn journal, B5 size)",4820102030,CA
NB-PAC-BX-GPH,"Notebook (sewn journal, B5 size)",4820102030,CA
NTB-GRD-SLA-AC,"Notebook (sewn journal, B5 size)",4820102030,CA
NB-WIL-BX-GPH,"Notebook (sewn journal, B5 size)",4820102030,CA
NTB-GRD-WIL-AH,"Notebook (sewn journal, B5 size)",4820102030,CA
NTB-GRD-DAH-AA,Notebook (bound journal),4820102060,CA
NB-JUN-TNX-GPH,Notebook (bound journal),4820102060,CA
NB-PAC-TNX-GPH,Notebook (bound journal),4820102060,CA
NTB-GRD-SLA-AA,Notebook (bound journal),4820102060,CA
NB-WIL-TNX-GPH,Notebook (bound journal),4820102060,CA
NTB-GRD-WIL-AD,Notebook (bound journal),4820102060,CA
NTB-GRD-DAH-IM-AC,Notebook (bound journal),4820102060,CA
NTB-GRD-JUN-IM-AC,Notebook (bound journal),4820102060,CA
NTB-GRD-WOR-IM-AB,Notebook (bound journal),4820102060,CA
NTB-GRD-WOR-IM-AF,Notebook (bound journal),4820102060,CA
NTB-GRD-WIL-IM-AE,Notebook (bound journal),4820102060,CA
NTB-GRD-DAH-IM-AA,"Notebook (sewn journal, B5 size)",4820102030,CA
NTB-GRD-JUN-IM-AB,"Notebook (sewn journal, B5 size)",4820102030,CA
NTB-GRD-PAC-IM-AB,"Notebook (sewn journal, B5 size)",4820102030,CA
NTB-GRD-WOR-IM-AD,"Notebook (sewn journal, B5 size)",4820102030,CA
NTB-GRD-WOR-IM-AE,"Notebook (sewn journal, B5 size)",4820102030,CA
NTB-GRD-WIL-IM-AD,"Notebook (sewn journal, B5 size)",4820102030,CA
NTB-GRD-WIL-IM-AC,"Notebook (sewn journal, B5 size)",4820102030,CA
NTB-GRD-DAH-IM-AB,Notebook (bound journal),4820102060,CA
NTB-GRD-JUN-IM-AE,Notebook (bound journal),4820102060,CA
NTB-GRD-PAC-IM-AC,Notebook (bound journal),4820102060,CA
NTB-GRD-PAC-IM-AD,Notebook (bound journal),4820102060,CA
NTB-GRD-SLA-IM-AB,Notebook (bound journal),4820102060,CA
NTB-GRD-WOR-IM-AC,Notebook (bound journal),4820102060,CA
NTB-GRD-WIL-IM-AB,Notebook (bound journal),4820102060,CA
NTB-DOT-JUN-IM-AG,Notebook (bound journal),4820102060,CA
NTB-DOT-IM,Notebook (bound journal),4820102060,CA
NTB-DOT-PAC-IM-AF,Notebook (bound journal),4820102060,CA
NTB-DOT-WOR-IM-AF,Notebook (bound journal),4820102060,CA
NTB-DOT-WIL-IM-AF,Notebook (bound journal),4820102060,CA
NTB-DOT-DAH-IM-AG,"Notebook (sewn journal, B5 size)",4820102030,CA
NTB-DOT-JUN-IM-AF,"Notebook (sewn journal, B5 size)",4820102030,CA
NTB-DOT-PAC-IM-AH,"Notebook (sewn journal, B5 size)",4820102030,CA
NTB-DOT-SLA-IM-AB,"Notebook (sewn journal, B5 size)",4820102030,CA
NTB-DOT-WOR-IM-AE,"Notebook (sewn journal, B5 size)",4820102030,CA
NTB-DOT-WOR-IM-AI,"Notebook (sewn journal, B5 size)",4820102030,CA
NTB-DOT-WOR-IM-AG,"Notebook (sewn journal, B5 size)",4820102030,CA
NTB-DOT-WOR-IM-AH,"Notebook (sewn journal, B5 size)",4820102030,CA
NTB-DOT-WIL-IM-AG,"Notebook (sewn journal, B5 size)",4820102030,CA
NTB-DOT-DAH-IM-AF,Notebook (bound journal),4820102060,CA
NTB-DOT-PAC-IM-AI,Notebook (bound journal),4820102060,CA
NTB-DOT-PAC-IM-AG,Notebook (bound journal),4820102060,CA
NTB-DOT-SLA-IM-AC,Notebook (bound journal),4820102060,CA
NTB-DOT-WOR-IM-AJ,Notebook (bound journal),4820102060,CA
NTB-GRD-JUN-IM-AG,Notebook (bound journal),4820102060,CA
NTB-GRD-IM-AA,Notebook (bound journal),4820102060,CA
NTB-GRD-IM,Notebook (bound journal),4820102060,CA
NTB-GRD-PAC-IM-AG,Notebook (bound journal),4820102060,CA
NTB-GRD-SLA-IM-AC,Notebook (bound journal),4820102060,CA
NTB-GRD-WOR-IM-AH,Notebook (bound journal),4820102060,CA
NTB-GRD-WOR-IM-AI,Notebook (bound journal),4820102060,CA
NTB-GRD-WIL-IM-AF,Notebook (bound journal),4820102060,CA
NTB-GRD-DAH-IM-AD,"Notebook (sewn journal, B5 size)",4820102030,CA
NTB-GRD-JUN-IM-AF,"Notebook (sewn journal, B5 size)",4820102030,CA
NTB-GRD-JUN-IM-AH,"Notebook (sewn journal, B5 size)",4820102030,CA
NTB-GRD-PAC-IM-AE,"Notebook (sewn journal, B5 size)",4820102030,CA
NTB-GRD-WOR-IM-AJ,"Notebook (sewn journal, B5 size)",4820102030,CA
NTB-GRD-WOR-IM-AK,"Notebook (sewn journal, B5 size)",4820102030,CA
NTB-GRD-WIL-IM-AG,"Notebook (sewn journal, B5 size)",4820102030,CA
NTB-GRD-JUN-IM-AD,Notebook (bound journal),4820102060,CA
NTB-GRD-WOR-IM-AG,Notebook (bound journal),4820102060,CA
NTB-GRD-PAC-IM-AF,Notebook (bound journal),4820102060,CA
NBD-SP-24-B5-LUN-DA,"Notebook (sewn journal, B5 size)",4820102030,CA
NBD-SP-24-TN-LUN-DA,Notebook (bound journal),4820102060,CA
NBD-SP-24-A5-LUN-JP,Notebook (bound journal),4820102060,CA
NBD-SP-24-B5-LUN-JP,Notebook (bound journal),4820102060,CA
NBD-SP-24-TN-LUN-JP,Notebook (bound journal),4820102060,CA
NBD-SP-24-A5-LUN-PA,Notebook (bound journal),4820102060,CA
NBD-SP-24-B5-LUN-PA,"Notebook (sewn journal, B5 size)",4820102030,CA
NBD-SP-24-TN-LUN-PA,Notebook (bound journal),4820102060,CA
NBD-SP-24-A5-LUN-SL,Notebook (bound journal),4820102060,CA
NBD-SP-24-B5-LUN-SL,"Notebook (sewn journal, B5 size)",4820102030,CA
NBD-SP-24-TN-LUN-SL,Notebook (bound journal),4820102060,CA
NBD-SP-24-A5-LUN-WO,Notebook (bound journal),4820102060,CA
NBD-SP-24-B5-LUN-WO,"Notebook (sewn journal, B5 size)",4820102030,CA
NBD-SP-24-TN-LUN-WO,Notebook (bound journal),4820102060,CA
NBD-SP-24-A5-LUN-WL,Notebook (bound journal),4820102060,CA
NBD-SP-24-B5-LUN-WL,"Notebook (sewn journal, B5 size)",4820102030,CA
NBG-SP-24-TN-LUN-WL,Notebook (bound journal),4820102060,CA
NB-DEE-BX-GPH,"Notebook (sewn journal, B5 size)",4820102030,CA
NB-DEE-TNX-GPH,Notebook (bound journal),4820102060,CA
NTB-GRD-JUN-AB,Notebook (bound journal),4820102060,CA
NTB-GRD-JUN-AC,"Notebook (sewn journal, B5 size)",4820102030,CA
NTB-GRD-JUN-AA,Notebook (bound journal),4820102060,CA
NTB-GRD-PAC-AB,Notebook (bound journal),4820102060,CA
NTB-GRD-PAC-AC,"Notebook (sewn journal, B5 size)",4820102030,CA
NTB-GRD-PAC-AA,Notebook (bound journal),4820102060,CA
NB-SLA-AX-GPH,Notebook (bound journal),4820102060,CA
NB-SLA-BX-GPH,"Notebook (sewn journal, B5 size)",4820102030,CA
NB-SLA-TNX-GPH,Notebook (bound journal),4820102060,CA
NTB-GRD-WOR-AA,Notebook (bound journal),4820102060,CA
NTB-GRD-WOR-AB,"Notebook (sewn journal, B5 size)",4820102030,CA
NTB-GRD-WOR,Notebook (bound journal),4820102060,CA
NTB-GRD-WIL-AG,Notebook (bound journal),4820102060,CA
NTB-GRD-WIL-AI,"Notebook (sewn journal, B5 size)",4820102030,CA
NTB-GRD-WIL-AE,Notebook (bound journal),4820102060,CA
JWL-LNR-BRC-GLD-14AA,Sterling silver jewellery bracelet,7113115000,CA
JWL-LNR-BRC-GLD-AB,Sterling silver jewellery bracelet,7113115000,CA
JWL-LNR-BRC-SLV-AB,Sterling silver jewellery bracelet,7113115000,CA
JWL-LNR-BRC-GLD-14AB,Sterling silver jewellery bracelet,7113115000,CA
JWL-LNR-BRC-GLD-AA,Sterling silver jewellery bracelet,7113115000,CA
JWL-LNR-BRC-SLV-AA,Sterling silver jewellery bracelet,7113115000,CA
JWL-LNR-BRC-GLD-14,Sterling silver jewellery bracelet,7113115000,CA
JWL-LNR-BRC-GLD,Sterling silver jewellery bracelet,7113115000,CA
JWL-LNR-BRC-SLV,Sterling silver jewellery bracelet,7113115000,CA
STCK-WF-MOON,Paper sticker,4911998000,CA
NBD-SP-24-A5-DA-MRQ,Notebook (bound journal),4820102060,CA
NBD-SP-24-B5-DA-MRQ,"Notebook (sewn journal, B5 size)",4820102030,CA
NBD-SP-24-TN-DA-MRQ,Notebook (bound journal),4820102060,CA
NBD-SP-24-A5-JP-MRQ,Notebook (bound journal),4820102060,CA
NBD-SP-24-B5-JP-MRQ,"Notebook (sewn journal, B5 size)",4820102030,CA
NBD-SP-24-TN-JP-MRQ,Notebook (bound journal),4820102060,CA
NBD-SP-24-A5-PF-MRQ,Notebook (bound journal),4820102060,CA
NBD-SP-24-B5-PF-MRQ,"Notebook (sewn journal, B5 size)",4820102030,CA
NBD-SP-24-TN-PF-MRQ,Notebook (bound journal),4820102060,CA
NBD-SP-24-A5-SL-MRQ,Notebook (bound journal),4820102060,CA
NBD-SP-24-B5-SL-MRQ,"Notebook (sewn journal, B5 size)",4820102030,CA
NBD-SP-24-TN-SL-MRQ,Notebook (bound journal),4820102060,CA
NBD-SP-24-A5-WO-MRQ,Notebook (bound journal),4820102060,CA
NBD-SP-24-B5-WO-MRQ,"Notebook (sewn journal, B5 size)",4820102030,CA
NBD-SP-24-TN-WO-MRQ,Notebook (bound journal),4820102060,CA
NBD-SP-24-A5-WL-MRQ,Notebook (bound journal),4820102060,CA
NBD-SP-24-B5-WL-MRQ,"Notebook (sewn journal, B5 size)",4820102030,CA
NBD-SP-24-TN-WL-MRQ,Notebook (bound journal),4820102060,CA
NTB-DOT-DAH-IM-AB,Notebook (bound journal),4820102060,CA
NTB-DOT-WOR-IM,Notebook (bound journal),4820102060,CA
NTB-DOT-WOR-IM-AA,Notebook (bound journal),4820102060,CA
NTB-DOT-WIL-IM,Notebook (bound journal),4820102060,CA
NTB-DOT-WIL-IM-AA,Notebook (bound journal),4820102060,CA
NTB-DOT-DAH-IM-AA,"Notebook (sewn journal, B5 size)",4820102030,CA
NTB-DOT-DAH-IM,"Notebook (sewn journal, B5 size)",4820102030,CA
NTB-DOT-JUN-IM,Notebook (bound journal),4820102060,CA
NTB-DOT-PAC-IM,"Notebook (sewn journal, B5 size)",4820102030,CA
NTB-DOT-WOR-IM-AL,"Notebook (sewn journal, B5 size)",4820102030,CA
NTB-DOT-WOR-IM-AK,"Notebook (sewn journal, B5 size)",4820102030,CA
NTB-DOT-WIL-IM-AB,"Notebook (sewn journal, B5 size)",4820102030,CA
NTB-DOT-JUN-IM-AA,Notebook (bound journal),4820102060,CA
NB-DEE-A5-GPH,Notebook (bound journal),4820102060,CA
NB-JUN-A5-GPH,Notebook (bound journal),4820102060,CA
NB-PAC-A5-GPH,Notebook (bound journal),4820102060,CA
NB-SLA-A5-GPH,Notebook (bound journal),4820102060,CA
NB-WIO-A5-GPH,Notebook (bound journal),4820102060,CA
NB-WIL-A5-GPH,Notebook (bound journal),4820102060,CA
NB-DEE-B5-GPH,"Notebook (sewn journal, B5 size)",4820102030,CA
NB-JUN-B5-GPH,"Notebook (sewn journal, B5 size)",4820102030,CA
NB-PAC-B5-GPH,"Notebook (sewn journal, B5 size)",4820102030,CA
NB-SLA-B5-GPH,"Notebook (sewn journal, B5 size)",4820102030,CA
NB-WIO-B5-GPH,"Notebook (sewn journal, B5 size)",4820102030,CA
NB-WIL-B5-GPH,"Notebook (sewn journal, B5 size)",4820102030,CA
NTB-GRD-DAH,Notebook (bound journal),4820102060,CA
NTB-GRD-JUN,Notebook (bound journal),4820102060,CA
NTB-GRD-PAC,Notebook (bound journal),4820102060,CA
NTB-GRD-SLA,Notebook (bound journal),4820102060,CA
NB-WIO-TN-GPH,Notebook (bound journal),4820102060,CA
NTB-GRD-WIL-AA,Notebook (bound journal),4820102060,CA
NTB-GRD-JUN-IM,Notebook (bound journal),4820102060,CA
NTB-GRD-WOR-IM-AL,Notebook (bound journal),4820102060,CA
NTB-GRD-WOR-IM,Notebook (bound journal),4820102060,CA
NTB-GRD-WIL-IM-AH,Notebook (bound journal),4820102060,CA
NTB-GRD-JUN-IM-AA,"Notebook (sewn journal, B5 size)",4820102030,CA
NTB-GRD-PAC-IM-AA,"Notebook (sewn journal, B5 size)",4820102030,CA
NTB-GRD-SLA-IM-AA,"Notebook (sewn journal, B5 size)",4820102030,CA
NTB-GRD-WOR-IM-AA,"Notebook (sewn journal, B5 size)",4820102030,CA
NTB-GRD-WIL-IM-AA,"Notebook (sewn journal, B5 size)",4820102030,CA
NTB-GRD-DAH-IM,Notebook (bound journal),4820102060,CA
NTB-GRD-PAC-IM,Notebook (bound journal),4820102060,CA
NTB-GRD-SLA-IM,Notebook (bound journal),4820102060,CA
NTB-GRD-WIL-IM,Notebook (bound journal),4820102060,CA
JWL-MON-EAR-PR,Sterling silver jewellery earrings,7113115000,CA
JWL-MON-EAR-SN,Sterling silver jewellery earrings,7113115000,CA
MTH-AUT-25,Paper sticker,4911998000,CA
AC-TB-EB-24,Paper sticker,4911998000,CA
MTH-BCP-25,Paper sticker,4911998000,CA
AC-TB-CH-24,Paper sticker,4911998000,CA
MNT-ELD-25,Paper sticker,4911998000,CA
AC-TB-EF-24,Paper sticker,4911998000,CA
MTB-FAW-25,Paper sticker,4911998000,CA
AC-TB-LI-24,Paper sticker,4911998000,CA
AC-TB-AU-24,Paper sticker,4911998000,CA
MNT-MFL-25,Paper sticker,4911998000,CA
AC-TB-MO-24,Paper sticker,4911998000,CA
AC-TB-NI-24,Paper sticker,4911998000,CA
MNT-PLG-25,Paper sticker,4911998000,CA
MTH-RIV-25,Paper sticker,4911998000,CA
STK-TAB-RWO,Paper sticker,4911998000,CA
MNT-SCA-25,Paper sticker,4911998000,CA
MNT-SNP-25,Paper sticker,4911998000,CA
AC-TB-TL-24,Paper sticker,4911998000,CA
MNT-WIN-25,Paper sticker,4911998000,CA
AC-TB-WO-24,Paper sticker,4911998000,CA
STK-TAB-WIS,Paper sticker,4911998000,CA
STK-TAB-WDL,Paper sticker,4911998000,CA
JWL-LAR-BRC-GLD-14,Sterling silver jewellery bracelet,7113115000,CA
JWL-LAR-BRC-GLD,Sterling silver jewellery bracelet,7113115000,CA
JWL-LAR-BRC-SLV,Sterling silver jewellery bracelet,7113115000,CA
BRC-MED-SGP,Sterling silver jewellery bracelet,7113115000,CA
JWL-MED-BRC-GLD,Sterling silver jewellery bracelet,7113115000,CA
JWL-MED-BRC-SLV,Sterling silver jewellery bracelet,7113115000,CA
BRC-SML-GLP,Sterling silver jewellery bracelet,7113115000,CA
JWL-SMA-BRC-GLD,Sterling silver jewellery bracelet,7113115000,CA
JWL-SMA-BRC-SLV,Sterling silver jewellery bracelet,7113115000,CA
DOT-CHA-HA5-MFL,Notebook (bound journal),4820102060,CA
DOT-WIT-HA5-MFL,Notebook (bound journal),4820102060,CA
DOT-CHB-HB5-PHASE,"Notebook (sewn journal, B5 size)",4820102030,CA
DOT-WIT-HB5-PHASE,"Notebook (sewn journal, B5 size)",4820102030,CA
DOT-CHB-HTN-PHASE,"Notebook (sewn journal, B5 size)",4820102030,CA
DOT-CHB-HTN-PHASE-2,Notebook (bound journal),4820102060,CA
DOT-CHA-HA5-MFL70,Notebook (bound journal),4820102060,CA
DOT-WIT-HA5-MFL70,Notebook (bound journal),4820102060,CA
GRP-CHA-HA5-MNF-2,Notebook (bound journal),4820102060,CA
GRP-WIT-HA5-MNF-2,Notebook (bound journal),4820102060,CA
GRP-CHB-HB5-PHASE-2,"Notebook (sewn journal, B5 size)",4820102030,CA
GRP-WIT-HB5-PHASE-2,"Notebook (sewn journal, B5 size)",4820102030,CA
GRP-CHB-HTN-PHASE-2,Notebook (bound journal),4820102060,CA
GRP-CHA-HA5-MFL70,Notebook (bound journal),4820102060,CA
GRP-WIT-HA5-MFL70,Notebook (bound journal),4820102060,CA
GRP-CHA-HA5-MNF,Notebook (bound journal),4820102060,CA
GRP-WIT-HA5-MNF,Notebook (bound journal),4820102060,CA
GRP-CHB-HB5-PHASE,"Notebook (sewn journal, B5 size)",4820102030,CA
GRP-WIT-HB5-PHASE,"Notebook (sewn journal, B5 size)",4820102030,CA
GRP-CHB-HTN-PHASE,Notebook (bound journal),4820102060,CA
LIN-CHA-HA5-MNF,Notebook (bound journal),4820102060,CA
LIN-WIT-HA5-MNF,Notebook (bound journal),4820102060,CA
DOT-CHA-HA5-MRS,Notebook (bound journal),4820102060,CA
DOT-WIT-HA5-MRS,Notebook (bound journal),4820102060,CA
DOT-CHB-HB5-MOON,"Notebook (sewn journal, B5 size)",4820102030,CA
DOT-WIT-HB5-MOON,"Notebook (sewn journal, B5 size)",4820102030,CA
DOT-CHB-HTN-MOON,Notebook (bound journal),4820102060,CA
DOT-CHA-HA5-MRS70,Notebook (bound journal),4820102060,CA
DOT-WIT-HA5-MRS70,Notebook (bound journal),4820102060,CA
GRP-CHA-HA5-MRS,Notebook (bound journal),4820102060,CA
GRP-WIT-HA5-MRS,Notebook (bound journal),4820102060,CA
GRP-CHB-HB5-MOON,"Notebook (sewn journal, B5 size)",4820102030,CA
GRP-WIT-HB5-MOON,"Notebook (sewn journal, B5 size)",4820102030,CA
GRP-CHB-HTN-MOON,Notebook (bound journal),4820102060,CA
GRP-CHA-HA5-MRS70,Notebook (bound journal),4820102060,CA
GRP-WIT-HA5-MRS70,Notebook (bound journal),4820102060,CA
LIN-CHA-HA5-MRS,Notebook (bound journal),4820102060,CA
LIN-WIT-HA5-MRS,Notebook (bound journal),4820102060,CA
DOT-FWN-HA5-MUS,Notebook (bound journal),4820102060,CA
DOT-MOS-HA5-MUS,Notebook (bound journal),4820102060,CA
DOT-SCA-HA5-MUS,Notebook (bound journal),4820102060,CA
DOT-FWN-HB5-MUSH,"Notebook (sewn journal, B5 size)",4820102030,CA
DOT-MOS-HB5-MUSH,"Notebook (sewn journal, B5 size)",4820102030,CA
DOT-SCO-HB5-MUSH,"Notebook (sewn journal, B5 size)",4820102030,CA
DOT-FWN-HTN-MUSH,Notebook (bound journal),4820102060,CA
DOT-MOS-HTN-MUSH,Notebook (bound journal),4820102060,CA
DOT-FWN-HA5-MUS70,Notebook (bound journal),4820102060,CA
DOT-MOS-HA5-MUS70,Notebook (bound journal),4820102060,CA
DOT-SCA-HA5-MUS70,Notebook (bound journal),4820102060,CA
GRP-FWN-HA5-MUS,Notebook (bound journal),4820102060,CA
GRP-MOS-HA5-MUS,Notebook (bound journal),4820102060,CA
GRP-SCA-HA5-MUS,Notebook (bound journal),4820102060,CA
GRP-FWN-HB5-MUSH,"Notebook (sewn journal, B5 size)",4820102030,CA
GRP-MOS-HB5-MUSH,"Notebook (sewn journal, B5 size)",4820102030,CA
GRP-SCO-HB5-MUSH,"Notebook (sewn journal, B5 size)",4820102030,CA
GRP-FWN-HTN-MUSH,Notebook (bound journal),4820102060,CA
GRP-MOS-HTN-MUSH,Notebook (bound journal),4820102060,CA
GRP-FWN-HA5-MUS70,Notebook (bound journal),4820102060,CA
GRP-MOS-HA5-MUS70,Notebook (bound journal),4820102060,CA
GRP-SCA-HA5-HOF70,Notebook (bound journal),4820102060,CA
LIN-FWN-HA5-MUS,Notebook (bound journal),4820102060,CA
LIN-MOS-HA5-MUS,Notebook (bound journal),4820102060,CA
LIN-SCA-HA5-MUS,Notebook (bound journal),4820102060,CA
DLP-UND-BLO,Planner agenda (bound diary),4820102010,CA
DEF,Notepad,4820102020,CA
INS-DB-CL-DIS,Planner inserts (loose refills),4820900000,CA
INS-HL-PG,Planner inserts (loose refills),4820900000,CA
INS-A5-PG,Planner inserts (loose refills),4820900000,CA
NP-PF,Notepad,4820102020,CA
DOT-BSM-HA5-ROG,Notebook (bound journal),4820102060,CA
DOT-WIN-HA5-ROG,Notebook (bound journal),4820102060,CA
DOT-BLF-HB5-ROG,"Notebook (sewn journal, B5 size)",4820102030,CA
DOT-WDI-HB5-ROG,"Notebook (sewn journal, B5 size)",4820102030,CA
DOT-BLF-HTN-ROG,Notebook (bound journal),4820102060,CA
DOT-BLF-HA5-ROG70,Notebook (bound journal),4820102060,CA
DOT-WDI-HA5-ROG70,Notebook (bound journal),4820102060,CA
GRP-RIV-HA5-ROG,Notebook (bound journal),4820102060,CA
GRP-BLF-HB5-ROG,"Notebook (sewn journal, B5 size)",4820102030,CA
GRP-WDI-HB5-ROG,"Notebook (sewn journal, B5 size)",4820102030,CA
GRP-BLF-HTN-ROG,Notebook (bound journal),4820102060,CA
GRP-BLF-HA5-ROG70,Notebook (bound journal),4820102060,CA
GRP-WDI-HA5-ROG70,Notebook (bound journal),4820102060,CA
LIN-RIV-HA5-ROG,Notebook (bound journal),4820102060,CA
LIN-WDI-HA5-ROG,Notebook (bound journal),4820102060,CA
SHAD-DEF,Paper sticker,4911998000,CA
DOT-A5-ENF,Notebook (bound journal),4820102060,CA
DOT-A5-WDL,Notebook (bound journal),4820102060,CA
NTB-GRD-A5-ECF,Notebook (bound journal),4820102060,CA
NTB-GRD-A5-WDL,Notebook (bound journal),4820102060,CA
NTB-LIN-A5-ECF-AA,Notebook (bound journal),4820102060,CA
NTB-LIN-A5-WDL-AA,Notebook (bound journal),4820102060,CA
DOT-CHA-HA5-SOL,Notebook (bound journal),4820102060,CA
DOT-WIT-HA5-SOL,Notebook (bound journal),4820102060,CA
DOT-CHB-HB5-SOL,"Notebook (sewn journal, B5 size)",4820102030,CA
DOT-WIT-HB5-SOL,"Notebook (sewn journal, B5 size)",4820102030,CA
DOT-CHB-HTN-SOL,Notebook (bound journal),4820102060,CA
DOT-CHA-HA5-SOL-2,Notebook (bound journal),4820102060,CA
DOT-WIT-HA5-SOL-2,Notebook (bound journal),4820102060,CA
GRP-CHA-HA5-SOL,Notebook (bound journal),4820102060,CA
GRP-WIT-HA5-SOL,Notebook (bound journal),4820102060,CA
GRP-CHB-HB5-SOL,"Notebook (sewn journal, B5 size)",4820102030,CA
GRP-WIT-HB5-SOL,"Notebook (sewn journal, B5 size)",4820102030,CA
GRP-CHB-HTN-SOL,Notebook (bound journal),4820102060,CA
GRP-CHA-HA5-SOL70,Notebook (bound journal),4820102060,CA
GRP-WIT-HA5-SOL70,Notebook (bound journal),4820102060,CA
LIN-CHA-HA5-SOL,Notebook (bound journal),4820102060,CA
LIN-WIT-HA5-SOL,Notebook (bound journal),4820102060,CA
STCK-WF-SUN,Paper sticker,4911998000,CA
STK-SQB-AUT,Paper sticker,4911998000,CA
AC-SM-RO,Paper sticker,4911998000,CA
AC-SM-MA,Paper sticker,4911998000,CA
STK-SQB-DAH,Paper sticker,4911998000,CA
STK-SQB-DPO,Paper sticker,4911998000,CA
AC-SM-FE,Paper sticker,4911998000,CA
STK-SQB-FWN,Paper sticker,4911998000,CA
AC-SM-LI,Paper sticker,4911998000,CA
AC-SM-MO,Paper sticker,4911998000,CA
STK-SQB-MOS,Paper sticker,4911998000,CA
STK-SQB-NIM,Paper sticker,4911998000,CA
STK-SQB-PLG,Paper sticker,4911998000,CA
AC-SM-RI,Paper sticker,4911998000,CA
STK-SQB-RWO,Paper sticker,4911998000,CA
STK-SQB-OAK,Paper sticker,4911998000,CA
HLS-SNP-25,Paper sticker,4911998000,CA
AC-SM-LR,Paper sticker,4911998000,CA
STK-SQB-WIN,Paper sticker,4911998000,CA
STK-SQB-WOR,Paper sticker,4911998000,CA
AC-SM-WI,Paper sticker,4911998000,CA
STK-SQB-WDL,Paper sticker,4911998000,CA
DOT-CHA-HA5-STL,Notebook (bound journal),4820102060,CA
DOT-WIT-HA5-STL,Notebook (bound journal),4820102060,CA
DOT-CHB-HB5-STAR,"Notebook (sewn journal, B5 size)",4820102030,CA
DOT-WIT-HB5-STAR,"Notebook (sewn journal, B5 size)",4820102030,CA
DOT-CHB-HTN-STAR,Notebook (bound journal),4820102060,CA
DOT-CHA-HA5-STL70,Notebook (bound journal),4820102060,CA
DOT-WIT-HA5-STL70,Notebook (bound journal),4820102060,CA
GRP-CHA-HA5-STL,Notebook (bound journal),4820102060,CA
GRP-WIT-HA5-STL,Notebook (bound journal),4820102060,CA
GRP-CHB-HB5-STAR,"Notebook (sewn journal, B5 size)",4820102030,CA
GRP-WIT-HB5-STAR,"Notebook (sewn journal, B5 size)",4820102030,CA
GRP-CHB-HTN-STAR,Notebook (bound journal),4820102060,CA
GRP-CHA-HA5-STL70,Notebook (bound journal),4820102060,CA
GRP-WIT-HA5-STL70,Notebook (bound journal),4820102060,CA
LIN-CHA-HA5-STL,Notebook (bound journal),4820102060,CA
LIN-WIT-HA5-STL,Notebook (bound journal),4820102060,CA
TASK-DEF,Sticky notepad,4820102020,US
TASK-DEF-AB,Sticky notepad,4820102020,CA
AC-TM-HY,Paper sticker,4911998000,CA
AC-TM-LA,Paper sticker,4911998000,CA
TMG-SNT-25,Paper sticker,4911998000,CA
STK-TMG-SMT,Paper sticker,4911998000,CA
AC-BP,Notepad,4820102020,US
INS-HPC-UD,Planner inserts (loose refills),4820900000,CA
INS-HL-UD,Planner inserts (loose refills),4820900000,CA
INS-A5-UD,Planner inserts (loose refills),4820900000,CA
INS-A5-UND-A5X,Planner inserts (loose refills),4820900000,CA
INS-CL-UND-CLA,Planner inserts (loose refills),4820900000,CA
INS-HL-UND-HAL,Planner inserts (loose refills),4820900000,CA
DPL-CHB-UCF,Planner agenda (bound diary),4820102010,CA
DPL-ENF-UCF,Planner agenda (bound diary),4820102010,CA
DPL-FWN-UCF,Planner agenda (bound diary),4820102010,CA
DPL-MON-UCF,Planner agenda (bound diary),4820102010,CA
DPL-MOS-UCF,Planner agenda (bound diary),4820102010,CA
DPL-RIV-UCF,Planner agenda (bound diary),4820102010,CA
DPL-AUT-UHC,Planner agenda (bound diary),4820102010,CA
DPL-BLF-UHC,Planner agenda (bound diary),4820102010,CA
DPL-BTC-UHC,Planner agenda (bound diary),4820102010,CA
DPL-CHB-UHC,Planner agenda (bound diary),4820102010,CA
DPL-ENF-UHC,Planner agenda (bound diary),4820102010,CA
DPL-FWN-UHC,Planner agenda (bound diary),4820102010,CA
DPL-MON-UHC,Planner agenda (bound diary),4820102010,CA
DPL-MOS-UHC,Planner agenda (bound diary),4820102010,CA
DPL-RIV-UHC,Planner agenda (bound diary),4820102010,CA
DPL-SCA-UHC,Planner agenda (bound diary),4820102010,CA
DPL-SNP-UHC,Planner agenda (bound diary),4820102010,CA
DPL-WIL-UHC,Planner agenda (bound diary),4820102010,CA
DPL-WDL-UHC,Planner agenda (bound diary),4820102010,CA
DPL-CHB-UPF,Planner agenda (bound diary),4820102010,CA
DPL-MOS-UPF,Planner agenda (bound diary),4820102010,CA
DPL-RIV-UPF,Planner agenda (bound diary),4820102010,CA
DPL-SCA-UPF,Planner agenda (bound diary),4820102010,CA
HPL-CHB-UCF,Planner agenda (bound diary),4820102010,CA
HPL-ENF-UCF,Planner agenda (bound diary),4820102010,CA
HPL-FWN-UCF,Planner agenda (bound diary),4820102010,CA
HPL-MON-UCF,Planner agenda (bound diary),4820102010,CA
HPL-MOS-UCF,Planner agenda (bound diary),4820102010,CA
HPL-RIV-UCF,Planner agenda (bound diary),4820102010,CA
HPL-AUT-UHC,Planner agenda (bound diary),4820102010,CA
HPL-BLF-UHC,Planner agenda (bound diary),4820102010,CA
HPL-BTC-UHC,Planner agenda (bound diary),4820102010,CA
HPL-CHB-UHC,Planner agenda (bound diary),4820102010,CA
HPL-ENF-UHC,Planner agenda (bound diary),4820102010,CA
HPL-FWN-UHC,Planner agenda (bound diary),4820102010,CA
HPL-MON-UHC,Planner agenda (bound diary),4820102010,CA
HPL-MOS-UHC,Planner agenda (bound diary),4820102010,CA
HPL-RIV-UHC,Planner agenda (bound diary),4820102010,CA
HPL-SCA-UHC,Planner agenda (bound diary),4820102010,CA
HPL-SNP-UHC,Planner agenda (bound diary),4820102010,CA
HPL-WIL-UHC,Planner agenda (bound diary),4820102010,CA
HPL-WDL-UHC,Planner agenda (bound diary),4820102010,CA
HPL-CHB-UPF,Planner agenda (bound diary),4820102010,CA
HPL-MOS-UPF,Planner agenda (bound diary),4820102010,CA
HPL-RIV-UPF,Planner agenda (bound diary),4820102010,CA
HPL-SCA-UPF,Planner agenda (bound diary),4820102010,CA
INS-HPC-UMC,Planner inserts (loose refills),4820900000,CA
INS-HL-UMC,Planner inserts (loose refills),4820900000,CA
INS-A5-UMC,Planner inserts (loose refills),4820900000,CA
VPL-CHB-UCF,Planner agenda (bound diary),4820102010,CA
VPL-ENF-UCF,Planner agenda (bound diary),4820102010,CA
VPL-FWN-UCF,Planner agenda (bound diary),4820102010,CA
VPL-MON-UCF,Planner agenda (bound diary),4820102010,CA
VPL-MOS-UCF,Planner agenda (bound diary),4820102010,CA
VPL-RIV-UCF,Planner agenda (bound diary),4820102010,CA
VPL-AUT-UHC,Planner agenda (bound diary),4820102010,CA
VPL-BLF-UHC,Planner agenda (bound diary),4820102010,CA
VPL-BTC-UHC,Planner agenda (bound diary),4820102010,CA
VPL-CHB-UHC,Planner agenda (bound diary),4820102010,CA
VPL-ENF-UHC,Planner agenda (bound diary),4820102010,CA
VPL-FWN-UHC,Planner agenda (bound diary),4820102010,CA
VPL-MON-UHC,Planner agenda (bound diary),4820102010,CA
VPL-MOS-UHC,Planner agenda (bound diary),4820102010,CA
VPL-RIV-UHC,Planner agenda (bound diary),4820102010,CA
VPL-SCA-UHC,Planner agenda (bound diary),4820102010,CA
VPL-SNP-UHC,Planner agenda (bound diary),4820102010,CA
VPL-WIL-UHC,Planner agenda (bound diary),4820102010,CA
VPL-WDL-UHC,Planner agenda (bound diary),4820102010,CA
VPL-CHB-UPF,Planner agenda (bound diary),4820102010,CA
VPL-MOS-UPF,Planner agenda (bound diary),4820102010,CA
VPL-RIV-UPF,Planner agenda (bound diary),4820102010,CA
VPL-SCA-UPF,Planner agenda (bound diary),4820102010,CA
WDP-CHB-UCF7,Planner agenda (bound diary),4820102010,CA
WDP-AST-UCF7,Planner agenda (bound diary),4820102010,CA
WDP-ENF-UCF7,Planner agenda (bound diary),4820102010,CA
WDP-FWN-UCF7,Planner agenda (bound diary),4820102010,CA
WDP-MON-UCF7,Planner agenda (bound diary),4820102010,CA
WDP-MOS-UCF7,Planner agenda (bound diary),4820102010,CA
WDP-RIV-UCF7,Planner agenda (bound diary),4820102010,CA
WDP-AUT-UH70,Planner agenda (bound diary),4820102010,CA
WDP-BLF-UH70,Planner agenda (bound diary),4820102010,CA
WDP-BTC-UH70,Planner agenda (bound diary),4820102010,CA
WDP-CHB-UH70,Planner agenda (bound diary),4820102010,CA
WDP-AST-UH70,Planner agenda (bound diary),4820102010,CA
WDP-ENF-UH70,Planner agenda (bound diary),4820102010,CA
WDP-FWN-UH70,Planner agenda (bound diary),4820102010,CA
WDP-MON-UH70,Planner agenda (bound diary),4820102010,CA
WDP-MOS-UH70,Planner agenda (bound diary),4820102010,CA
WDP-RIV-UH70,Planner agenda (bound diary),4820102010,CA
WDP-SCA-UH70,Planner agenda (bound diary),4820102010,CA
WDP-SNP-UH70,Planner agenda (bound diary),4820102010,CA
WDP-WIL-UH70,Planner agenda (bound diary),4820102010,CA
WDP-WIT-UH70,Planner agenda (bound diary),4820102010,CA
WDP-WDL-UH70,Planner agenda (bound diary),4820102010,CA
WDP-CHB-UPF7,Planner agenda (bound diary),4820102010,CA
WDP-MOS-UPF7,Planner agenda (bound diary),4820102010,CA
WDP-RIV-UPF7,Planner agenda (bound diary),4820102010,CA
WDP-SCA-UPF7,Planner agenda (bound diary),4820102010,CA
INS-HL-UW,Planner inserts (loose refills),4820900000,CA
INS-HPC-UW,Planner inserts (loose refills),4820900000,CA
INS-A5-UW,Planner inserts (loose refills),4820900000,CA
UW-SC-23-AR,Planner agenda (bound diary),4820102010,CA
UW-SC-23-DF,Planner agenda (bound diary),4820102010,CA
UW-SC-23-HY,Planner agenda (bound diary),4820102010,CA
UW-SC-23-OK,Planner agenda (bound diary),4820102010,CA
UW-SC-23-SG,Planner agenda (bound diary),4820102010,CA
UW-SC-23-WR,Planner agenda (bound diary),4820102010,CA
NP-WT,Notepad,4820102010,CA
STCK-WEEK,Sticky notepad,4820102020,CA
WNS-HYD-25,Paper sticker,4911998000,CA
WNS-LKS-25,Paper sticker,4911998000,CA
WNS-SNS-25,Paper sticker,4911998000,CA
WNS-SMS-25,Paper sticker,4911998000,CA
THRE-THR,Paper sticker,4911998000,CA
2025Q4-DAI-NIM,Planner inserts (loose refills),4820102010,CA